team_id,player_ID,name,total_matches,gold,wards,item0,item1,item2,item3,item4,item5,item6,item7,item8,item9,item10,item11,item12,item13,item14,item15,item16,item17,item18,item19,item20,item21,item22,item23,item24,item25,item26,item27,item28,item29,item30,item31,item32,item33,item34,item36,item37,item38,item39,item40,item41,item42,item43,item44,item46,item48,item50,item51,item52,item53,item54,item55,item56,item57,item58,item59,item60,item61,item63,item65,item67,item69,item71,item73,item75,item77,item79,item81,item86,item88,item90,item92,item94,item96,item98,item100,item102,item104,item106,item108,item110,item112,item114,item116,item117,item118,item119,item121,item123,item125,item127,item129,item131,item133,item135,item136,item137,item139,item141,item143,item145,item147,item149,item151,item152,item154,item156,item158,item160,item162,item164,item166,item168,item170,item172,item174,item176,item178,item180,item181,item182,item185,item187,item188,item190,item193,item194,item196,item201,item202,item203,item204,item206,item208,item210,item212,item214,item215,item216,item218,item220,item223,item225,item226,item229,item231,item232,item235,item236,item237,item239,item240,item241,item242,item244,item247,item248,item249,item250,item252,item254,item256,item257,item259,item260,item261,item263,item265,item267,item269,item273,item277,item279,avg_gold,avg_wards
2163,82262664,KuroKy,100,31214,454.0,61.0,7.0,0.0,0.0,0.0,0.0,0.0,0.0,0.0,1.0,2.0,2.0,0.0,0.0,0.0,0.0,2.0,0.0,0.0,0.0,0.0,4.0,0.0,0.0,1.0,0.0,0.0,0.0,0.0,34.0,6.0,6.0,0.0,2.0,4.0,91.0,4.0,9.0,0.0,7.0,3.0,26.0,34.0,0.0,69.0,2.0,3.0,0.0,0.0,0.0,0.0,0.0,2.0,2.0,0.0,0.0,6.0,2.0,15.0,1.0,0.0,0.0,0.0,30.0,9.0,0.0,8.0,11.0,4.0,3.0,1.0,5.0,0.0,2.0,2.0,9.0,9.0,0.0,0.0,2.0,2.0,0.0,2.0,5.0,0.0,0.0,2.0,2.0,0.0,0.0,1.0,0.0,4.0,0.0,0.0,0.0,4.0,0.0,0.0,0.0,0.0,0.0,0.0,0.0,0.0,1.0,0.0,0.0,0.0,0.0,2.0,2.0,2.0,0.0,0.0,1.0,0.0,4.0,17.0,4.0,8.0,7.0,18.0,66.0,0.0,1.0,1.0,0.0,0.0,0.0,0.0,0.0,1.0,0.0,1.0,4.0,71.0,0.0,10.0,75.0,0.0,2.0,0.0,1.0,4.0,0.0,2.0,0.0,0.0,0.0,0.0,2.0,0.0,4.0,39.0,2.0,0.0,0.0,0.0,0.0,10.0,0.0,2.0,4.0,0.0,0.0,0.0,6.0,1.0,0.0,0.0,0.0,0.0,312.14,4.54
2163,34505203,MinD_ContRoL,116,51231,45.0,18.0,112.0,0.0,0.0,0.0,0.0,0.0,2.0,0.0,4.0,0.0,4.0,0.0,0.0,0.0,0.0,0.0,0.0,0.0,0.0,0.0,1.0,0.0,0.0,0.0,2.0,0.0,0.0,0.0,18.0,17.0,3.0,0.0,15.0,2.0,154.0,5.0,0.0,0.0,7.0,10.0,0.0,1.0,0.0,42.0,6.0,56.0,0.0,0.0,0.0,0.0,2.0,2.0,2.0,0.0,2.0,1.0,2.0,82.0,0.0,0.0,0.0,0.0,20.0,0.0,2.0,4.0,9.0,3.0,2.0,24.0,0.0,1.0,8.0,8.0,18.0,9.0,0.0,0.0,4.0,5.0,2.0,6.0,36.0,1.0,0.0,7.0,2.0,5.0,3.0,13.0,2.0,5.0,0.0,1.0,0.0,4.0,2.0,1.0,1.0,0.0,2.0,0.0,0.0,19.0,3.0,0.0,2.0,3.0,1.0,3.0,0.0,2.0,2.0,0.0,0.0,0.0,16.0,10.0,0.0,10.0,4.0,7.0,0.0,1.0,0.0,6.0,0.0,1.0,2.0,0.0,0.0,1.0,1.0,5.0,13.0,50.0,0.0,0.0,0.0,0.0,0.0,2.0,8.0,10.0,8.0,1.0,0.0,10.0,0.0,0.0,3.0,0.0,30.0,0.0,0.0,0.0,5.0,6.0,1.0,5.0,2.0,0.0,0.0,1.0,0.0,5.0,3.0,0.0,0.0,0.0,0.0,0.0,441.6465517241379,0.3879310344827586
2163,72312627,MATUMBAMAN,93,49241,14.0,30.0,25.0,0.0,0.0,0.0,0.0,0.0,1.0,1.0,6.0,1.0,6.0,0.0,0.0,0.0,0.0,0.0,0.0,0.0,0.0,1.0,1.0,0.0,0.0,0.0,0.0,2.0,0.0,0.0,11.0,2.0,0.0,0.0,2.0,8.0,57.0,0.0,0.0,0.0,2.0,6.0,0.0,0.0,0.0,30.0,19.0,36.0,2.0,1.0,1.0,0.0,0.0,0.0,0.0,0.0,0.0,0.0,3.0,46.0,3.0,0.0,1.0,0.0,7.0,9.0,32.0,0.0,0.0,0.0,0.0,8.0,0.0,0.0,7.0,1.0,28.0,2.0,3.0,8.0,16.0,0.0,18.0,7.0,61.0,13.0,0.0,7.0,3.0,2.0,0.0,3.0,0.0,6.0,0.0,13.0,0.0,6.0,6.0,6.0,4.0,0.0,10.0,0.0,7.0,7.0,3.0,4.0,5.0,0.0,1.0,18.0,3.0,9.0,2.0,1.0,16.0,0.0,16.0,1.0,0.0,6.0,4.0,20.0,0.0,12.0,0.0,2.0,0.0,0.0,0.0,2.0,4.0,0.0,1.0,6.0,32.0,1.0,0.0,0.0,0.0,0.0,0.0,4.0,1.0,18.0,7.0,7.0,0.0,2.0,0.0,0.0,0.0,0.0,0.0,1.0,2.0,0.0,1.0,0.0,5.0,0.0,3.0,0.0,0.0,1.0,2.0,8.0,0.0,0.0,2.0,0.0,0.0,0.0,529.4731182795699,0.15053763440860216
2163,105248644,Miracle-,100,63632,22.0,3.0,45.0,0.0,0.0,0.0,0.0,0.0,0.0,0.0,2.0,0.0,3.0,0.0,0.0,0.0,0.0,0.0,0.0,1.0,0.0,0.0,6.0,0.0,0.0,4.0,0.0,3.0,0.0,0.0,1.0,2.0,0.0,0.0,2.0,2.0,49.0,0.0,0.0,0.0,0.0,10.0,2.0,0.0,0.0,15.0,13.0,27.0,2.0,1.0,0.0,0.0,0.0,0.0,0.0,0.0,0.0,1.0,0.0,105.0,2.0,0.0,1.0,0.0,0.0,21.0,7.0,0.0,3.0,0.0,0.0,2.0,0.0,0.0,10.0,2.0,13.0,0.0,0.0,0.0,20.0,0.0,10.0,7.0,70.0,23.0,0.0,1.0,1.0,20.0,2.0,2.0,2.0,7.0,0.0,11.0,0.0,12.0,27.0,18.0,9.0,18.0,35.0,2.0,8.0,26.0,12.0,12.0,4.0,16.0,0.0,0.0,6.0,13.0,0.0,0.0,10.0,5.0,7.0,0.0,0.0,3.0,6.0,1.0,0.0,0.0,0.0,2.0,0.0,2.0,0.0,0.0,0.0,0.0,7.0,10.0,45.0,3.0,0.0,0.0,0.0,1.0,0.0,0.0,2.0,0.0,0.0,2.0,3.0,12.0,0.0,0.0,0.0,0.0,0.0,0.0,2.0,0.0,3.0,0.0,9.0,0.0,0.0,0.0,6.0,0.0,0.0,5.0,0.0,0.0,0.0,0.0,0.0,0.0,636.32,0.22
2163,101356886,Gh,100,31080,121.0,99.0,46.0,0.0,0.0,0.0,0.0,0.0,0.0,0.0,0.0,0.0,0.0,0.0,0.0,0.0,0.0,0.0,0.0,0.0,0.0,2.0,0.0,0.0,3.0,0.0,0.0,0.0,0.0,2.0,18.0,6.0,0.0,0.0,0.0,88.0,27.0,7.0,9.0,2.0,24.0,10.0,1.0,2.0,0.0,52.0,2.0,12.0,0.0,0.0,2.0,0.0,0.0,0.0,7.0,0.0,0.0,6.0,7.0,0.0,4.0,0.0,0.0,0.0,0.0,0.0,5.0,18.0,2.0,2.0,2.0,4.0,66.0,0.0,0.0,0.0,31.0,19.0,0.0,0.0,3.0,4.0,1.0,2.0,6.0,0.0,0.0,0.0,0.0,0.0,0.0,0.0,0.0,0.0,0.0,0.0,0.0,0.0,0.0,0.0,0.0,0.0,0.0,0.0,0.0,2.0,0.0,0.0,0.0,0.0,0.0,0.0,2.0,0.0,0.0,0.0,0.0,0.0,10.0,26.0,11.0,7.0,1.0,6.0,9.0,0.0,0.0,0.0,0.0,0.0,0.0,0.0,0.0,0.0,0.0,4.0,0.0,120.0,0.0,2.0,0.0,0.0,6.0,0.0,5.0,3.0,2.0,3.0,0.0,0.0,1.0,0.0,4.0,0.0,2.0,17.0,0.0,0.0,0.0,0.0,0.0,7.0,14.0,0.0,2.0,0.0,0.0,0.0,1.0,30.0,0.0,0.0,0.0,0.0,310.8,1.21
1838315,87278757,Puppey,121,36750,795.0,61.0,17.0,0.0,0.0,1.0,0.0,0.0,0.0,0.0,0.0,0.0,14.0,0.0,0.0,0.0,0.0,2.0,2.0,0.0,0.0,0.0,2.0,0.0,2.0,1.0,2.0,0.0,1.0,0.0,46.0,5.0,4.0,0.0,0.0,46.0,76.0,13.0,3.0,0.0,1.0,0.0,21.0,36.0,0.0,73.0,2.0,0.0,0.0,0.0,0.0,0.0,0.0,0.0,2.0,0.0,3.0,1.0,0.0,0.0,1.0,0.0,0.0,0.0,13.0,0.0,0.0,4.0,19.0,15.0,0.0,7.0,30.0,1.0,0.0,0.0,12.0,31.0,0.0,0.0,2.0,1.0,0.0,0.0,3.0,0.0,0.0,0.0,0.0,0.0,0.0,1.0,0.0,3.0,0.0,0.0,0.0,0.0,0.0,0.0,0.0,0.0,0.0,2.0,0.0,0.0,0.0,0.0,0.0,0.0,0.0,0.0,0.0,0.0,0.0,0.0,0.0,0.0,2.0,18.0,5.0,19.0,23.0,50.0,21.0,0.0,0.0,0.0,0.0,0.0,0.0,0.0,0.0,0.0,0.0,7.0,0.0,172.0,5.0,5.0,33.0,0.0,0.0,0.0,8.0,12.0,0.0,8.0,0.0,0.0,0.0,0.0,0.0,0.0,4.0,37.0,0.0,0.0,0.0,0.0,0.0,47.0,11.0,0.0,0.0,1.0,0.0,0.0,2.0,17.0,0.0,0.0,0.0,0.0,303.7190082644628,6.570247933884297
1838315,116585378,MidOne,121,63142,15.0,15.0,26.0,0.0,0.0,4.0,0.0,0.0,0.0,0.0,1.0,0.0,6.0,0.0,0.0,2.0,0.0,0.0,0.0,0.0,0.0,0.0,1.0,0.0,0.0,0.0,0.0,0.0,0.0,0.0,16.0,3.0,1.0,0.0,6.0,4.0,110.0,2.0,0.0,0.0,3.0,25.0,0.0,0.0,1.0,33.0,55.0,84.0,2.0,1.0,0.0,0.0,0.0,0.0,2.0,0.0,0.0,1.0,0.0,66.0,13.0,0.0,2.0,0.0,4.0,12.0,22.0,0.0,3.0,0.0,2.0,1.0,0.0,0.0,17.0,3.0,29.0,4.0,2.0,0.0,28.0,4.0,2.0,4.0,66.0,6.0,0.0,8.0,9.0,11.0,0.0,5.0,3.0,7.0,2.0,8.0,0.0,5.0,10.0,14.0,0.0,3.0,10.0,4.0,7.0,6.0,4.0,5.0,15.0,2.0,1.0,1.0,27.0,7.0,4.0,0.0,11.0,1.0,4.0,4.0,0.0,2.0,4.0,4.0,0.0,4.0,0.0,2.0,0.0,3.0,0.0,0.0,2.0,3.0,2.0,23.0,49.0,8.0,0.0,2.0,0.0,2.0,2.0,2.0,0.0,1.0,0.0,10.0,7.0,6.0,0.0,0.0,0.0,0.0,3.0,3.0,3.0,0.0,0.0,0.0,12.0,2.0,7.0,0.0,9.0,0.0,0.0,12.0,0.0,6.0,0.0,2.0,0.0,0.0,521.8347107438017,0.12396694214876033
1838315,89117038,YapzOr,109,37815,318.0,46.0,120.0,0.0,0.0,0.0,0.0,0.0,0.0,0.0,9.0,0.0,4.0,0.0,0.0,0.0,0.0,0.0,0.0,0.0,0.0,0.0,5.0,0.0,2.0,4.0,0.0,0.0,0.0,0.0,26.0,10.0,0.0,0.0,3.0,40.0,13.0,6.0,2.0,2.0,11.0,4.0,7.0,18.0,0.0,149.0,6.0,0.0,0.0,0.0,0.0,0.0,3.0,0.0,10.0,0.0,0.0,10.0,4.0,0.0,0.0,0.0,2.0,0.0,0.0,0.0,5.0,2.0,7.0,0.0,1.0,2.0,33.0,0.0,6.0,0.0,96.0,8.0,0.0,0.0,30.0,4.0,0.0,2.0,12.0,0.0,0.0,2.0,2.0,1.0,0.0,2.0,1.0,6.0,0.0,2.0,0.0,0.0,0.0,0.0,0.0,0.0,0.0,1.0,0.0,10.0,0.0,0.0,0.0,0.0,2.0,0.0,2.0,0.0,0.0,0.0,0.0,0.0,8.0,13.0,0.0,0.0,3.0,2.0,24.0,2.0,0.0,0.0,0.0,0.0,0.0,0.0,0.0,2.0,0.0,2.0,2.0,57.0,2.0,0.0,5.0,0.0,2.0,0.0,10.0,0.0,8.0,14.0,1.0,0.0,0.0,0.0,1.0,0.0,7.0,4.0,0.0,0.0,0.0,0.0,2.0,8.0,7.0,0.0,0.0,1.0,0.0,0.0,3.0,29.0,0.0,0.0,6.0,1.0,346.92660550458714,2.9174311926605503
1838315,73562326,zai,117,45767,150.0,38.0,114.0,0.0,0.0,1.0,0.0,1.0,2.0,0.0,6.0,0.0,13.0,0.0,0.0,0.0,0.0,0.0,0.0,0.0,0.0,0.0,5.0,0.0,1.0,0.0,0.0,2.0,0.0,0.0,14.0,6.0,4.0,0.0,0.0,32.0,39.0,5.0,2.0,1.0,20.0,11.0,3.0,1.0,0.0,66.0,11.0,18.0,0.0,0.0,0.0,0.0,0.0,0.0,4.0,0.0,0.0,9.0,0.0,51.0,3.0,0.0,0.0,0.0,12.0,1.0,4.0,3.0,7.0,3.0,1.0,25.0,29.0,0.0,2.0,0.0,35.0,19.0,2.0,0.0,20.0,0.0,4.0,2.0,12.0,0.0,0.0,5.0,0.0,1.0,6.0,2.0,0.0,19.0,0.0,0.0,0.0,3.0,0.0,0.0,0.0,0.0,0.0,0.0,0.0,4.0,0.0,0.0,2.0,0.0,3.0,7.0,4.0,1.0,0.0,0.0,1.0,0.0,17.0,22.0,0.0,12.0,7.0,15.0,3.0,1.0,0.0,4.0,0.0,0.0,2.0,0.0,1.0,4.0,2.0,9.0,26.0,60.0,0.0,2.0,1.0,0.0,2.0,0.0,9.0,3.0,21.0,14.0,1.0,4.0,0.0,0.0,3.0,0.0,26.0,22.0,0.0,0.0,0.0,0.0,4.0,5.0,6.0,0.0,2.0,0.0,0.0,1.0,0.0,16.0,1.0,3.0,0.0,0.0,391.1709401709402,1.2820512820512822
1838315,121769650,Nisha,91,57600,4.0,8.0,16.0,0.0,0.0,0.0,0.0,0.0,0.0,0.0,0.0,1.0,2.0,1.0,0.0,0.0,0.0,0.0,0.0,0.0,0.0,0.0,2.0,0.0,0.0,11.0,0.0,15.0,0.0,0.0,6.0,0.0,0.0,0.0,4.0,0.0,19.0,2.0,0.0,0.0,0.0,1.0,0.0,0.0,0.0,16.0,8.0,13.0,1.0,2.0,0.0,0.0,1.0,0.0,0.0,0.0,0.0,0.0,0.0,90.0,6.0,0.0,0.0,0.0,2.0,44.0,3.0,0.0,0.0,0.0,0.0,1.0,0.0,0.0,8.0,2.0,1.0,2.0,0.0,6.0,6.0,0.0,1.0,9.0,50.0,27.0,0.0,2.0,2.0,20.0,0.0,0.0,0.0,7.0,2.0,9.0,0.0,5.0,42.0,12.0,2.0,8.0,51.0,2.0,4.0,10.0,10.0,9.0,11.0,40.0,0.0,1.0,4.0,5.0,3.0,4.0,19.0,6.0,2.0,0.0,0.0,3.0,1.0,0.0,0.0,0.0,0.0,2.0,0.0,0.0,0.0,0.0,1.0,0.0,5.0,4.0,48.0,0.0,1.0,0.0,0.0,1.0,1.0,4.0,1.0,0.0,0.0,2.0,2.0,26.0,0.0,0.0,0.0,0.0,2.0,0.0,0.0,0.0,4.0,0.0,0.0,0.0,6.0,0.0,2.0,0.0,0.0,20.0,1.0,2.0,0.0,0.0,1.0,0.0,632.967032967033,0.04395604395604396
15,106863163,小可,118,67083,60.0,29.0,45.0,0.0,0.0,0.0,0.0,0.0,0.0,2.0,11.0,0.0,8.0,0.0,0.0,0.0,0.0,0.0,0.0,0.0,1.0,0.0,4.0,1.0,0.0,4.0,0.0,2.0,0.0,0.0,3.0,10.0,0.0,2.0,6.0,0.0,26.0,6.0,2.0,0.0,0.0,20.0,0.0,0.0,0.0,6.0,15.0,31.0,0.0,1.0,0.0,0.0,5.0,0.0,0.0,0.0,0.0,3.0,0.0,62.0,1.0,0.0,2.0,0.0,31.0,38.0,20.0,0.0,0.0,0.0,2.0,0.0,0.0,0.0,17.0,22.0,46.0,1.0,4.0,0.0,24.0,5.0,16.0,10.0,99.0,15.0,0.0,21.0,21.0,20.0,0.0,7.0,2.0,1.0,4.0,15.0,0.0,9.0,3.0,11.0,1.0,0.0,7.0,11.0,4.0,35.0,7.0,1.0,18.0,2.0,0.0,0.0,14.0,12.0,6.0,2.0,0.0,0.0,1.0,2.0,0.0,2.0,17.0,0.0,0.0,8.0,0.0,1.0,0.0,0.0,0.0,0.0,6.0,0.0,1.0,11.0,25.0,2.0,1.0,0.0,0.0,1.0,0.0,0.0,1.0,0.0,0.0,4.0,13.0,6.0,0.0,0.0,0.0,0.0,0.0,0.0,4.0,0.0,4.0,7.0,12.0,0.0,7.0,0.0,22.0,0.0,0.0,7.0,0.0,0.0,0.0,0.0,5.0,0.0,568.5,0.5084745762711864
15,101695162,fy,115,38559,249.0,92.0,90.0,0.0,0.0,0.0,0.0,0.0,0.0,0.0,1.0,0.0,4.0,0.0,0.0,0.0,2.0,4.0,0.0,1.0,0.0,1.0,7.0,2.0,3.0,3.0,0.0,0.0,1.0,0.0,24.0,24.0,0.0,0.0,1.0,32.0,72.0,6.0,4.0,5.0,22.0,7.0,2.0,4.0,4.0,39.0,6.0,18.0,0.0,0.0,0.0,0.0,0.0,0.0,7.0,0.0,2.0,6.0,2.0,4.0,2.0,0.0,0.0,0.0,13.0,0.0,14.0,8.0,0.0,2.0,2.0,21.0,56.0,2.0,10.0,0.0,59.0,21.0,0.0,0.0,24.0,0.0,0.0,0.0,5.0,0.0,0.0,8.0,0.0,0.0,3.0,10.0,0.0,4.0,0.0,0.0,0.0,2.0,0.0,0.0,0.0,0.0,0.0,1.0,0.0,17.0,0.0,0.0,0.0,0.0,0.0,0.0,3.0,0.0,0.0,0.0,6.0,0.0,15.0,32.0,1.0,3.0,4.0,4.0,2.0,0.0,0.0,0.0,0.0,0.0,0.0,0.0,0.0,2.0,0.0,6.0,5.0,70.0,0.0,0.0,0.0,0.0,4.0,2.0,6.0,6.0,7.0,21.0,0.0,0.0,0.0,0.0,0.0,0.0,0.0,7.0,0.0,0.0,0.0,0.0,1.0,4.0,2.0,0.0,2.0,0.0,0.0,0.0,0.0,32.0,2.0,0.0,0.0,0.0,335.295652173913,2.1652173913043478
15,125581247,Ameame,121,75467,7.0,10.0,16.0,0.0,0.0,0.0,0.0,0.0,3.0,0.0,0.0,0.0,4.0,0.0,0.0,0.0,0.0,1.0,0.0,0.0,0.0,0.0,2.0,1.0,0.0,2.0,0.0,10.0,0.0,0.0,2.0,1.0,0.0,0.0,7.0,1.0,16.0,0.0,0.0,0.0,0.0,1.0,0.0,0.0,0.0,24.0,21.0,30.0,0.0,4.0,1.0,0.0,2.0,0.0,0.0,0.0,0.0,0.0,1.0,152.0,6.0,0.0,2.0,0.0,1.0,62.0,0.0,0.0,1.0,0.0,0.0,0.0,0.0,0.0,6.0,4.0,0.0,2.0,2.0,2.0,5.0,2.0,4.0,13.0,71.0,24.0,0.0,0.0,1.0,22.0,0.0,4.0,0.0,2.0,0.0,16.0,0.0,6.0,35.0,5.0,3.0,36.0,84.0,1.0,4.0,36.0,18.0,23.0,21.0,31.0,0.0,7.0,6.0,3.0,17.0,10.0,30.0,8.0,1.0,0.0,0.0,1.0,13.0,0.0,0.0,0.0,0.0,8.0,0.0,0.0,0.0,0.0,0.0,0.0,10.0,2.0,37.0,0.0,0.0,1.0,0.0,1.0,0.0,12.0,0.0,0.0,0.0,0.0,0.0,16.0,0.0,0.0,3.0,0.0,0.0,0.0,1.0,0.0,12.0,4.0,5.0,0.0,2.0,0.0,0.0,0.0,0.0,12.0,0.0,0.0,0.0,0.0,0.0,0.0,623.694214876033,0.05785123966942149
15,94738847,Chalice,110,47279,16.0,30.0,63.0,0.0,0.0,5.0,0.0,0.0,0.0,0.0,11.0,0.0,10.0,0.0,0.0,0.0,0.0,0.0,0.0,0.0,0.0,0.0,6.0,0.0,2.0,1.0,0.0,0.0,0.0,0.0,32.0,8.0,0.0,0.0,7.0,28.0,71.0,1.0,2.0,0.0,12.0,14.0,0.0,2.0,0.0,28.0,7.0,42.0,1.0,0.0,2.0,0.0,3.0,0.0,0.0,2.0,0.0,2.0,0.0,82.0,2.0,0.0,3.0,0.0,35.0,2.0,9.0,1.0,4.0,0.0,0.0,17.0,4.0,0.0,5.0,1.0,21.0,19.0,0.0,0.0,13.0,4.0,6.0,11.0,44.0,0.0,0.0,8.0,0.0,7.0,10.0,22.0,1.0,8.0,0.0,6.0,0.0,3.0,0.0,0.0,2.0,0.0,0.0,0.0,2.0,14.0,1.0,0.0,3.0,0.0,1.0,6.0,6.0,0.0,0.0,0.0,3.0,0.0,10.0,26.0,0.0,0.0,3.0,3.0,2.0,3.0,1.0,7.0,0.0,0.0,2.0,2.0,1.0,1.0,0.0,8.0,12.0,24.0,0.0,0.0,0.0,0.0,2.0,3.0,12.0,4.0,8.0,8.0,0.0,2.0,0.0,0.0,1.0,0.0,22.0,6.0,2.0,0.0,1.0,1.0,8.0,2.0,1.0,0.0,1.0,0.0,0.0,16.0,0.0,7.0,0.0,0.0,0.0,0.0,429.8090909090909,0.14545454545454545
15,94296097,xNova,110,30856,1051.0,94.0,14.0,0.0,0.0,0.0,0.0,0.0,0.0,0.0,1.0,0.0,3.0,0.0,0.0,0.0,0.0,0.0,0.0,0.0,0.0,0.0,1.0,0.0,5.0,0.0,0.0,0.0,2.0,0.0,23.0,13.0,9.0,0.0,0.0,76.0,120.0,40.0,10.0,2.0,24.0,0.0,29.0,13.0,0.0,58.0,0.0,0.0,0.0,0.0,0.0,0.0,0.0,0.0,5.0,0.0,3.0,2.0,0.0,2.0,0.0,0.0,1.0,0.0,10.0,0.0,2.0,1.0,1.0,1.0,0.0,6.0,39.0,0.0,0.0,0.0,0.0,20.0,0.0,0.0,1.0,0.0,0.0,0.0,0.0,0.0,0.0,0.0,0.0,0.0,0.0,2.0,0.0,0.0,0.0,0.0,0.0,0.0,0.0,0.0,0.0,0.0,0.0,0.0,0.0,0.0,0.0,0.0,0.0,0.0,0.0,0.0,0.0,0.0,0.0,0.0,0.0,0.0,0.0,33.0,0.0,20.0,4.0,9.0,48.0,0.0,0.0,0.0,0.0,0.0,0.0,0.0,0.0,0.0,0.0,0.0,0.0,101.0,0.0,3.0,40.0,0.0,0.0,0.0,3.0,2.0,0.0,3.0,0.0,0.0,0.0,0.0,0.0,0.0,0.0,16.0,0.0,0.0,0.0,0.0,0.0,52.0,0.0,0.0,0.0,0.0,1.0,0.0,12.0,10.0,0.0,0.0,0.0,0.0,280.5090909090909,9.554545454545455
726228,107803494,Ori,108,55865,53.0,13.0,47.0,0.0,0.0,1.0,0.0,1.0,0.0,1.0,9.0,0.0,0.0,0.0,0.0,0.0,0.0,0.0,0.0,0.0,0.0,0.0,4.0,0.0,0.0,2.0,0.0,2.0,0.0,0.0,32.0,7.0,0.0,0.0,11.0,1.0,34.0,0.0,0.0,0.0,7.0,53.0,0.0,0.0,0.0,9.0,15.0,43.0,0.0,2.0,0.0,0.0,2.0,0.0,0.0,0.0,0.0,2.0,0.0,103.0,1.0,0.0,0.0,0.0,8.0,6.0,25.0,0.0,0.0,0.0,0.0,0.0,0.0,0.0,14.0,4.0,72.0,4.0,2.0,2.0,9.0,0.0,2.0,0.0,76.0,4.0,0.0,22.0,4.0,15.0,0.0,6.0,0.0,15.0,2.0,9.0,0.0,15.0,6.0,12.0,4.0,0.0,2.0,11.0,8.0,41.0,2.0,2.0,12.0,5.0,0.0,0.0,10.0,6.0,0.0,0.0,0.0,2.0,16.0,0.0,0.0,0.0,11.0,0.0,0.0,7.0,0.0,0.0,0.0,2.0,6.0,0.0,0.0,2.0,8.0,20.0,12.0,0.0,0.0,0.0,0.0,0.0,0.0,6.0,4.0,0.0,0.0,3.0,2.0,0.0,0.0,0.0,0.0,0.0,0.0,0.0,0.0,0.0,3.0,2.0,17.0,0.0,1.0,0.0,5.0,0.0,0.0,4.0,0.0,0.0,0.0,0.0,0.0,0.0,517.2685185185185,0.49074074074074076
726228,137193239,Paparazi灬,111,67381,13.0,3.0,38.0,0.0,0.0,0.0,0.0,1.0,0.0,0.0,4.0,0.0,4.0,0.0,0.0,0.0,0.0,0.0,0.0,0.0,0.0,0.0,2.0,0.0,0.0,1.0,0.0,11.0,0.0,0.0,1.0,3.0,0.0,0.0,4.0,5.0,53.0,0.0,0.0,0.0,0.0,8.0,0.0,0.0,0.0,8.0,7.0,32.0,0.0,0.0,2.0,0.0,0.0,0.0,0.0,0.0,0.0,0.0,0.0,156.0,1.0,0.0,0.0,0.0,0.0,36.0,0.0,0.0,1.0,0.0,0.0,0.0,0.0,0.0,5.0,2.0,1.0,0.0,0.0,0.0,10.0,9.0,2.0,8.0,136.0,17.0,0.0,8.0,0.0,20.0,6.0,2.0,0.0,6.0,3.0,12.0,0.0,5.0,30.0,6.0,2.0,21.0,62.0,2.0,2.0,5.0,6.0,6.0,12.0,28.0,0.0,0.0,10.0,4.0,8.0,11.0,16.0,4.0,3.0,0.0,0.0,4.0,5.0,0.0,0.0,0.0,0.0,4.0,0.0,0.0,0.0,0.0,0.0,0.0,3.0,0.0,43.0,0.0,0.0,0.0,0.0,0.0,0.0,0.0,0.0,3.0,0.0,0.0,7.0,40.0,0.0,0.0,0.0,0.0,0.0,0.0,0.0,0.0,4.0,0.0,2.0,0.0,1.0,0.0,0.0,0.0,0.0,12.0,0.0,0.0,0.0,0.0,0.0,0.0,607.0360360360361,0.11711711711711711
726228,139937922,Yang,90,39032,37.0,31.0,122.0,0.0,0.0,0.0,0.0,0.0,0.0,0.0,9.0,0.0,3.0,0.0,0.0,0.0,0.0,0.0,1.0,0.0,0.0,0.0,1.0,0.0,2.0,3.0,0.0,0.0,0.0,2.0,11.0,20.0,2.0,0.0,2.0,3.0,57.0,3.0,0.0,2.0,3.0,14.0,0.0,0.0,0.0,37.0,15.0,19.0,0.0,0.0,0.0,0.0,2.0,0.0,1.0,0.0,0.0,2.0,0.0,35.0,2.0,0.0,3.0,0.0,26.0,2.0,6.0,3.0,6.0,0.0,0.0,11.0,0.0,0.0,4.0,0.0,22.0,13.0,1.0,0.0,14.0,5.0,6.0,6.0,20.0,0.0,0.0,10.0,0.0,0.0,4.0,13.0,0.0,33.0,0.0,0.0,0.0,4.0,0.0,0.0,1.0,0.0,0.0,2.0,0.0,18.0,0.0,2.0,3.0,0.0,0.0,6.0,1.0,0.0,0.0,0.0,2.0,0.0,1.0,18.0,0.0,2.0,1.0,0.0,0.0,5.0,2.0,6.0,0.0,0.0,0.0,0.0,0.0,3.0,0.0,2.0,7.0,19.0,1.0,2.0,0.0,0.0,0.0,0.0,12.0,0.0,12.0,11.0,1.0,6.0,0.0,6.0,0.0,0.0,28.0,0.0,0.0,0.0,0.0,0.0,2.0,10.0,2.0,0.0,0.0,0.0,0.0,0.0,0.0,0.0,0.0,0.0,0.0,0.0,433.68888888888887,0.4111111111111111
726228,182331313,Fade,91,30382,228.0,63.0,94.0,0.0,0.0,0.0,0.0,0.0,0.0,0.0,2.0,0.0,2.0,2.0,0.0,0.0,0.0,0.0,0.0,0.0,0.0,0.0,1.0,0.0,2.0,0.0,0.0,0.0,0.0,0.0,23.0,8.0,3.0,0.0,1.0,75.0,39.0,2.0,0.0,0.0,27.0,0.0,1.0,5.0,0.0,55.0,0.0,6.0,0.0,0.0,0.0,0.0,0.0,0.0,2.0,0.0,0.0,7.0,1.0,2.0,2.0,0.0,1.0,0.0,4.0,0.0,2.0,4.0,5.0,0.0,2.0,4.0,61.0,0.0,9.0,0.0,28.0,17.0,0.0,0.0,12.0,0.0,0.0,0.0,3.0,0.0,0.0,24.0,0.0,1.0,0.0,0.0,0.0,4.0,0.0,0.0,0.0,5.0,0.0,0.0,0.0,0.0,0.0,0.0,0.0,10.0,0.0,0.0,0.0,0.0,1.0,0.0,0.0,0.0,0.0,0.0,0.0,0.0,6.0,4.0,0.0,2.0,2.0,5.0,8.0,0.0,0.0,4.0,0.0,0.0,0.0,0.0,0.0,0.0,0.0,4.0,2.0,64.0,1.0,0.0,0.0,0.0,1.0,0.0,10.0,0.0,8.0,26.0,0.0,0.0,0.0,0.0,0.0,0.0,0.0,5.0,0.0,0.0,0.0,0.0,1.0,10.0,1.0,0.0,2.0,0.0,0.0,2.0,0.0,29.0,0.0,0.0,0.0,0.0,333.86813186813185,2.5054945054945055
1883502,132851371,RAMZeS666,126,78053,16.0,32.0,30.0,0.0,0.0,0.0,0.0,0.0,0.0,2.0,3.0,0.0,12.0,0.0,0.0,0.0,0.0,0.0,0.0,0.0,0.0,0.0,5.0,2.0,0.0,6.0,0.0,4.0,0.0,0.0,2.0,5.0,0.0,0.0,0.0,2.0,37.0,1.0,1.0,0.0,0.0,1.0,0.0,0.0,0.0,21.0,18.0,34.0,5.0,2.0,1.0,0.0,0.0,0.0,0.0,0.0,0.0,0.0,0.0,154.0,2.0,0.0,2.0,0.0,0.0,29.0,1.0,0.0,0.0,0.0,0.0,4.0,0.0,0.0,4.0,0.0,12.0,0.0,0.0,0.0,4.0,1.0,10.0,12.0,128.0,26.0,0.0,3.0,3.0,48.0,0.0,3.0,0.0,1.0,0.0,12.0,0.0,12.0,33.0,0.0,0.0,7.0,82.0,0.0,4.0,9.0,15.0,7.0,7.0,32.0,0.0,4.0,7.0,5.0,10.0,15.0,23.0,9.0,12.0,4.0,0.0,2.0,6.0,2.0,0.0,1.0,0.0,0.0,0.0,0.0,0.0,0.0,0.0,0.0,11.0,2.0,74.0,1.0,0.0,0.0,0.0,0.0,0.0,6.0,1.0,3.0,2.0,0.0,4.0,15.0,0.0,0.0,0.0,0.0,0.0,1.0,1.0,0.0,3.0,0.0,9.0,0.0,1.0,0.0,0.0,0.0,0.0,5.0,0.0,2.0,0.0,0.0,0.0,0.0,619.468253968254,0.12698412698412698
1883502,106573901,No[o]ne-,122,65692,32.0,17.0,86.0,0.0,0.0,0.0,0.0,0.0,0.0,0.0,2.0,0.0,8.0,0.0,3.0,0.0,0.0,0.0,0.0,0.0,0.0,0.0,3.0,0.0,0.0,6.0,0.0,0.0,0.0,0.0,24.0,3.0,0.0,0.0,4.0,0.0,69.0,7.0,3.0,0.0,3.0,23.0,0.0,0.0,0.0,23.0,21.0,70.0,0.0,0.0,0.0,0.0,1.0,0.0,0.0,0.0,0.0,3.0,0.0,116.0,2.0,0.0,0.0,0.0,4.0,15.0,42.0,0.0,0.0,0.0,0.0,3.0,2.0,0.0,8.0,8.0,30.0,12.0,4.0,2.0,41.0,1.0,4.0,1.0,72.0,4.0,0.0,12.0,14.0,31.0,0.0,2.0,1.0,4.0,2.0,8.0,0.0,10.0,3.0,5.0,0.0,1.0,8.0,3.0,6.0,25.0,1.0,2.0,5.0,8.0,0.0,5.0,4.0,8.0,1.0,1.0,3.0,1.0,5.0,6.0,0.0,3.0,12.0,0.0,0.0,4.0,0.0,2.0,0.0,2.0,0.0,0.0,1.0,1.0,2.0,8.0,28.0,0.0,2.0,0.0,0.0,2.0,0.0,0.0,2.0,2.0,2.0,8.0,5.0,2.0,0.0,0.0,1.0,1.0,1.0,0.0,0.0,0.0,6.0,1.0,14.0,0.0,6.0,0.0,17.0,0.0,0.0,18.0,0.0,8.0,0.0,0.0,2.0,0.0,538.4590163934427,0.26229508196721313
1883502,92423451,9pasha,118,50557,13.0,33.0,152.0,0.0,0.0,2.0,0.0,1.0,4.0,0.0,3.0,2.0,17.0,0.0,0.0,0.0,0.0,0.0,0.0,0.0,0.0,0.0,2.0,0.0,0.0,1.0,0.0,0.0,3.0,0.0,17.0,23.0,0.0,0.0,0.0,2.0,36.0,1.0,2.0,0.0,9.0,17.0,0.0,0.0,0.0,55.0,19.0,42.0,0.0,0.0,0.0,0.0,0.0,1.0,0.0,0.0,0.0,1.0,3.0,42.0,12.0,0.0,1.0,0.0,7.0,0.0,9.0,8.0,11.0,2.0,0.0,20.0,9.0,0.0,5.0,0.0,16.0,30.0,2.0,4.0,16.0,7.0,3.0,0.0,29.0,0.0,0.0,20.0,0.0,5.0,8.0,14.0,2.0,4.0,0.0,1.0,0.0,7.0,0.0,1.0,0.0,0.0,4.0,3.0,0.0,17.0,1.0,0.0,2.0,0.0,0.0,22.0,9.0,0.0,1.0,0.0,1.0,0.0,31.0,12.0,0.0,6.0,9.0,2.0,0.0,6.0,0.0,0.0,0.0,0.0,0.0,0.0,2.0,0.0,0.0,9.0,8.0,32.0,0.0,2.0,0.0,0.0,4.0,2.0,4.0,27.0,11.0,11.0,2.0,1.0,0.0,0.0,1.0,0.0,34.0,4.0,0.0,0.0,3.0,0.0,9.0,2.0,5.0,0.0,0.0,0.0,0.0,6.0,0.0,14.0,0.0,0.0,0.0,0.0,428.4491525423729,0.11016949152542373
1883502,134556694,Solo,126,35579,1246.0,284.0,19.0,0.0,0.0,2.0,0.0,0.0,0.0,0.0,3.0,0.0,13.0,0.0,0.0,0.0,0.0,0.0,0.0,0.0,2.0,1.0,0.0,2.0,0.0,2.0,0.0,0.0,0.0,0.0,24.0,5.0,9.0,0.0,0.0,3.0,133.0,28.0,5.0,6.0,10.0,0.0,28.0,4.0,2.0,57.0,6.0,14.0,0.0,0.0,0.0,0.0,0.0,0.0,1.0,2.0,0.0,2.0,2.0,6.0,1.0,0.0,2.0,0.0,28.0,2.0,0.0,0.0,14.0,2.0,4.0,3.0,15.0,5.0,1.0,1.0,1.0,6.0,0.0,0.0,6.0,0.0,0.0,0.0,3.0,1.0,0.0,0.0,0.0,0.0,0.0,2.0,0.0,2.0,0.0,2.0,0.0,0.0,0.0,0.0,0.0,0.0,0.0,0.0,0.0,4.0,0.0,0.0,0.0,0.0,0.0,2.0,0.0,0.0,2.0,0.0,0.0,0.0,0.0,13.0,5.0,0.0,30.0,7.0,11.0,0.0,0.0,0.0,0.0,0.0,0.0,0.0,0.0,0.0,0.0,0.0,0.0,85.0,0.0,1.0,20.0,0.0,8.0,0.0,0.0,6.0,0.0,0.0,0.0,0.0,0.0,0.0,1.0,0.0,2.0,74.0,0.0,0.0,2.0,0.0,0.0,50.0,2.0,0.0,2.0,0.0,4.0,1.0,20.0,6.0,0.0,0.0,0.0,0.0,282.37301587301585,9.88888888888889
1883502,159020918,RodjER,126,39117,377.0,99.0,118.0,0.0,0.0,0.0,0.0,0.0,0.0,1.0,3.0,0.0,6.0,0.0,0.0,0.0,0.0,1.0,0.0,0.0,0.0,0.0,4.0,0.0,6.0,0.0,0.0,0.0,2.0,3.0,17.0,22.0,0.0,0.0,2.0,19.0,83.0,15.0,10.0,5.0,69.0,10.0,4.0,21.0,0.0,58.0,2.0,16.0,0.0,0.0,0.0,0.0,0.0,0.0,6.0,0.0,0.0,7.0,3.0,18.0,7.0,0.0,1.0,0.0,2.0,0.0,11.0,11.0,7.0,4.0,0.0,0.0,55.0,0.0,2.0,0.0,37.0,34.0,0.0,0.0,13.0,0.0,1.0,0.0,6.0,0.0,0.0,10.0,0.0,2.0,2.0,3.0,0.0,6.0,0.0,0.0,0.0,0.0,0.0,2.0,0.0,0.0,0.0,0.0,0.0,10.0,0.0,0.0,0.0,0.0,2.0,0.0,2.0,2.0,0.0,0.0,0.0,2.0,24.0,17.0,0.0,7.0,4.0,12.0,3.0,6.0,0.0,0.0,0.0,0.0,0.0,0.0,0.0,6.0,0.0,4.0,2.0,79.0,2.0,2.0,4.0,0.0,0.0,0.0,2.0,6.0,2.0,5.0,0.0,0.0,0.0,0.0,2.0,0.0,10.0,6.0,0.0,0.0,0.0,0.0,3.0,14.0,6.0,0.0,2.0,0.0,0.0,0.0,1.0,38.0,1.0,0.0,0.0,0.0,310.45238095238096,2.992063492063492
350190,102099826,DJ,109,37030,276.0,53.0,144.0,0.0,0.0,0.0,0.0,0.0,1.0,0.0,2.0,0.0,0.0,0.0,0.0,0.0,0.0,0.0,0.0,0.0,0.0,0.0,2.0,0.0,1.0,0.0,0.0,2.0,0.0,0.0,30.0,23.0,0.0,0.0,0.0,14.0,156.0,4.0,7.0,0.0,30.0,16.0,4.0,2.0,0.0,50.0,19.0,14.0,0.0,0.0,0.0,0.0,0.0,0.0,1.0,0.0,0.0,8.0,0.0,4.0,4.0,0.0,0.0,0.0,0.0,0.0,8.0,11.0,0.0,2.0,1.0,7.0,26.0,0.0,18.0,0.0,19.0,26.0,0.0,0.0,20.0,6.0,0.0,0.0,12.0,0.0,0.0,2.0,0.0,0.0,0.0,4.0,0.0,1.0,0.0,0.0,0.0,1.0,0.0,0.0,0.0,0.0,0.0,0.0,0.0,11.0,0.0,0.0,0.0,0.0,0.0,0.0,6.0,4.0,0.0,0.0,0.0,0.0,1.0,12.0,0.0,4.0,0.0,2.0,11.0,2.0,0.0,1.0,0.0,0.0,0.0,0.0,0.0,0.0,0.0,2.0,0.0,117.0,1.0,0.0,1.0,2.0,0.0,0.0,2.0,1.0,2.0,8.0,2.0,0.0,0.0,0.0,1.0,0.0,3.0,0.0,0.0,0.0,0.0,0.0,0.0,6.0,0.0,0.0,0.0,0.0,0.0,0.0,0.0,24.0,0.0,0.0,0.0,0.0,339.72477064220186,2.532110091743119
350190,154715080,Abed,106,59834,47.0,22.0,88.0,2.0,0.0,0.0,0.0,2.0,0.0,0.0,1.0,0.0,2.0,0.0,0.0,0.0,0.0,0.0,0.0,0.0,0.0,0.0,2.0,0.0,0.0,2.0,0.0,1.0,0.0,0.0,23.0,3.0,1.0,0.0,2.0,4.0,19.0,1.0,3.0,0.0,1.0,9.0,0.0,0.0,0.0,16.0,19.0,40.0,0.0,0.0,1.0,0.0,3.0,0.0,3.0,0.0,0.0,0.0,0.0,39.0,2.0,4.0,0.0,0.0,0.0,5.0,19.0,0.0,0.0,0.0,8.0,5.0,4.0,0.0,26.0,12.0,18.0,4.0,2.0,4.0,36.0,8.0,8.0,2.0,111.0,5.0,0.0,15.0,12.0,9.0,0.0,0.0,2.0,5.0,0.0,9.0,0.0,5.0,4.0,16.0,0.0,2.0,15.0,0.0,4.0,19.0,4.0,2.0,12.0,2.0,0.0,11.0,10.0,24.0,2.0,1.0,4.0,11.0,10.0,2.0,0.0,2.0,1.0,6.0,0.0,6.0,0.0,0.0,0.0,0.0,0.0,1.0,2.0,0.0,0.0,10.0,7.0,0.0,0.0,0.0,0.0,3.0,6.0,3.0,2.0,14.0,0.0,8.0,3.0,2.0,0.0,0.0,0.0,0.0,2.0,2.0,1.0,0.0,5.0,2.0,8.0,0.0,2.0,0.0,12.0,0.0,0.0,16.0,0.0,24.0,0.0,0.0,0.0,0.0,564.4716981132076,0.44339622641509435
350190,101450083,MP,55,28868,8.0,4.0,22.0,0.0,0.0,0.0,0.0,0.0,0.0,0.0,0.0,0.0,4.0,0.0,0.0,0.0,0.0,0.0,0.0,0.0,0.0,0.0,1.0,3.0,0.0,0.0,0.0,7.0,0.0,0.0,2.0,0.0,0.0,0.0,3.0,0.0,32.0,0.0,0.0,0.0,0.0,1.0,0.0,0.0,0.0,8.0,2.0,18.0,0.0,0.0,0.0,0.0,1.0,0.0,1.0,0.0,0.0,0.0,0.0,76.0,0.0,0.0,0.0,0.0,0.0,20.0,4.0,0.0,0.0,0.0,2.0,1.0,0.0,0.0,0.0,0.0,6.0,1.0,0.0,0.0,6.0,0.0,1.0,12.0,36.0,4.0,0.0,0.0,0.0,3.0,0.0,2.0,0.0,6.0,1.0,3.0,0.0,6.0,7.0,2.0,5.0,0.0,17.0,2.0,1.0,8.0,10.0,4.0,7.0,5.0,0.0,0.0,17.0,2.0,2.0,3.0,5.0,1.0,0.0,0.0,0.0,0.0,3.0,0.0,0.0,1.0,0.0,0.0,0.0,0.0,0.0,0.0,0.0,0.0,1.0,0.0,47.0,2.0,0.0,0.0,0.0,2.0,0.0,1.0,3.0,0.0,0.0,1.0,0.0,17.0,0.0,0.0,0.0,0.0,0.0,2.0,0.0,0.0,2.0,2.0,6.0,0.0,4.0,0.0,0.0,0.0,0.0,3.0,1.0,0.0,0.0,0.0,0.0,0.0,524.8727272727273,0.14545454545454545
350190,100471531,JAbz,106,31979,502.0,116.0,58.0,0.0,0.0,1.0,0.0,0.0,0.0,0.0,2.0,0.0,2.0,0.0,0.0,0.0,0.0,0.0,0.0,0.0,0.0,0.0,0.0,0.0,2.0,2.0,0.0,0.0,0.0,0.0,33.0,14.0,2.0,0.0,0.0,77.0,77.0,3.0,14.0,4.0,23.0,4.0,15.0,35.0,0.0,71.0,5.0,2.0,0.0,0.0,0.0,0.0,0.0,0.0,5.0,0.0,0.0,2.0,0.0,4.0,6.0,0.0,1.0,0.0,2.0,4.0,2.0,6.0,1.0,2.0,0.0,9.0,34.0,5.0,6.0,0.0,10.0,35.0,0.0,2.0,7.0,2.0,0.0,0.0,4.0,0.0,0.0,2.0,0.0,0.0,2.0,9.0,0.0,2.0,0.0,0.0,0.0,0.0,0.0,0.0,0.0,0.0,1.0,0.0,0.0,2.0,0.0,0.0,0.0,0.0,0.0,1.0,2.0,1.0,0.0,0.0,0.0,2.0,5.0,17.0,2.0,9.0,2.0,4.0,12.0,0.0,0.0,0.0,0.0,0.0,0.0,0.0,2.0,6.0,0.0,2.0,2.0,42.0,3.0,1.0,22.0,0.0,4.0,0.0,4.0,10.0,0.0,4.0,0.0,0.0,2.0,0.0,0.0,0.0,2.0,14.0,0.0,0.0,0.0,0.0,0.0,22.0,8.0,0.0,1.0,0.0,0.0,0.0,0.0,17.0,0.0,0.0,0.0,0.0,301.688679245283,4.735849056603773
350190,84772440,iceiceice,111,50886,12.0,34.0,53.0,0.0,0.0,0.0,0.0,0.0,0.0,0.0,6.0,0.0,4.0,0.0,0.0,0.0,0.0,0.0,0.0,0.0,0.0,0.0,4.0,0.0,0.0,1.0,0.0,0.0,0.0,0.0,8.0,14.0,0.0,2.0,0.0,6.0,96.0,1.0,2.0,0.0,15.0,6.0,0.0,2.0,0.0,70.0,17.0,18.0,0.0,0.0,0.0,0.0,0.0,1.0,0.0,0.0,0.0,10.0,0.0,36.0,5.0,0.0,4.0,0.0,8.0,0.0,3.0,6.0,21.0,2.0,3.0,37.0,0.0,0.0,1.0,3.0,19.0,3.0,2.0,1.0,20.0,6.0,6.0,16.0,40.0,2.0,0.0,8.0,1.0,8.0,11.0,20.0,0.0,23.0,0.0,0.0,0.0,26.0,2.0,0.0,7.0,3.0,3.0,1.0,2.0,4.0,0.0,0.0,0.0,3.0,0.0,27.0,10.0,2.0,1.0,0.0,7.0,0.0,27.0,14.0,0.0,12.0,9.0,3.0,0.0,1.0,0.0,5.0,0.0,1.0,0.0,0.0,0.0,0.0,2.0,4.0,27.0,12.0,0.0,2.0,0.0,0.0,1.0,4.0,12.0,4.0,17.0,4.0,8.0,0.0,0.0,0.0,0.0,1.0,26.0,0.0,0.0,0.0,0.0,1.0,2.0,0.0,8.0,0.0,0.0,1.0,0.0,1.0,4.0,3.0,0.0,0.0,0.0,0.0,458.43243243243245,0.10810810810810811
2586976,19672354,N0tail,104,36542,444.0,108.0,20.0,0.0,0.0,0.0,0.0,0.0,0.0,0.0,0.0,1.0,6.0,0.0,0.0,0.0,0.0,1.0,0.0,2.0,0.0,1.0,0.0,0.0,3.0,0.0,0.0,0.0,2.0,0.0,30.0,4.0,2.0,0.0,0.0,17.0,47.0,7.0,17.0,2.0,13.0,8.0,2.0,24.0,3.0,89.0,5.0,16.0,1.0,0.0,0.0,0.0,1.0,0.0,1.0,1.0,3.0,2.0,0.0,49.0,0.0,0.0,5.0,0.0,11.0,1.0,4.0,2.0,13.0,2.0,2.0,3.0,4.0,0.0,4.0,2.0,2.0,8.0,0.0,3.0,6.0,0.0,3.0,3.0,14.0,3.0,0.0,3.0,0.0,11.0,0.0,1.0,0.0,2.0,0.0,2.0,0.0,0.0,1.0,6.0,1.0,0.0,2.0,4.0,0.0,16.0,4.0,0.0,2.0,3.0,2.0,12.0,2.0,0.0,3.0,4.0,8.0,0.0,2.0,8.0,0.0,6.0,7.0,12.0,25.0,0.0,0.0,1.0,0.0,0.0,0.0,0.0,0.0,0.0,0.0,4.0,20.0,93.0,2.0,4.0,24.0,0.0,1.0,0.0,4.0,4.0,2.0,0.0,0.0,2.0,0.0,0.0,3.0,0.0,2.0,22.0,0.0,0.0,2.0,0.0,1.0,8.0,1.0,1.0,0.0,0.0,0.0,1.0,0.0,2.0,0.0,0.0,0.0,0.0,351.36538461538464,4.269230769230769
2586976,26771994,JerAx,101,30670,300.0,64.0,72.0,0.0,0.0,0.0,0.0,0.0,1.0,0.0,0.0,0.0,3.0,0.0,0.0,0.0,0.0,0.0,0.0,0.0,0.0,4.0,2.0,0.0,8.0,2.0,0.0,0.0,3.0,1.0,21.0,11.0,2.0,0.0,4.0,44.0,71.0,20.0,7.0,0.0,6.0,18.0,5.0,7.0,2.0,55.0,2.0,7.0,0.0,0.0,0.0,0.0,0.0,0.0,8.0,0.0,0.0,3.0,2.0,2.0,2.0,2.0,0.0,0.0,17.0,0.0,3.0,10.0,0.0,1.0,0.0,0.0,57.0,0.0,6.0,0.0,33.0,44.0,0.0,0.0,10.0,0.0,0.0,0.0,1.0,0.0,0.0,0.0,0.0,4.0,0.0,7.0,0.0,1.0,0.0,0.0,0.0,0.0,0.0,0.0,0.0,0.0,0.0,0.0,0.0,4.0,0.0,2.0,0.0,0.0,1.0,2.0,1.0,0.0,0.0,0.0,0.0,2.0,10.0,20.0,7.0,7.0,2.0,11.0,9.0,0.0,0.0,0.0,0.0,0.0,0.0,0.0,0.0,2.0,0.0,12.0,0.0,65.0,2.0,2.0,4.0,0.0,4.0,0.0,1.0,11.0,3.0,11.0,0.0,0.0,0.0,0.0,0.0,0.0,1.0,17.0,0.0,0.0,0.0,0.0,0.0,17.0,4.0,0.0,0.0,0.0,0.0,0.0,1.0,19.0,0.0,0.0,0.0,0.0,303.66336633663366,2.9702970297029703
2586976,88271237,Ceb,104,51465,22.0,35.0,98.0,0.0,0.0,2.0,0.0,0.0,2.0,1.0,8.0,0.0,14.0,1.0,0.0,0.0,0.0,0.0,5.0,0.0,0.0,2.0,3.0,0.0,0.0,0.0,0.0,4.0,0.0,1.0,9.0,7.0,0.0,2.0,2.0,7.0,39.0,1.0,2.0,0.0,1.0,31.0,0.0,2.0,0.0,32.0,16.0,61.0,0.0,1.0,0.0,0.0,2.0,0.0,0.0,0.0,0.0,2.0,0.0,47.0,2.0,0.0,0.0,0.0,10.0,1.0,3.0,1.0,12.0,2.0,0.0,21.0,2.0,2.0,9.0,3.0,20.0,16.0,3.0,1.0,9.0,1.0,4.0,0.0,59.0,4.0,0.0,3.0,0.0,6.0,2.0,4.0,2.0,6.0,0.0,5.0,0.0,3.0,5.0,1.0,1.0,1.0,4.0,1.0,4.0,14.0,10.0,3.0,5.0,4.0,0.0,6.0,9.0,0.0,1.0,7.0,2.0,0.0,14.0,6.0,0.0,3.0,7.0,7.0,2.0,6.0,0.0,10.0,0.0,0.0,0.0,0.0,3.0,0.0,1.0,6.0,13.0,23.0,0.0,0.0,0.0,1.0,8.0,5.0,3.0,16.0,9.0,11.0,1.0,2.0,0.0,0.0,1.0,0.0,12.0,3.0,0.0,0.0,3.0,1.0,1.0,6.0,6.0,0.0,1.0,0.0,0.0,7.0,0.0,4.0,0.0,0.0,0.0,0.0,494.8557692307692,0.21153846153846154
2586976,94054712,Topson,61,32241,20.0,4.0,28.0,0.0,0.0,0.0,0.0,0.0,0.0,0.0,0.0,0.0,2.0,0.0,0.0,0.0,0.0,1.0,0.0,0.0,0.0,0.0,2.0,0.0,0.0,6.0,0.0,1.0,0.0,0.0,11.0,1.0,0.0,0.0,6.0,1.0,6.0,2.0,2.0,0.0,1.0,19.0,0.0,0.0,0.0,12.0,7.0,30.0,0.0,0.0,0.0,0.0,0.0,0.0,0.0,0.0,0.0,3.0,2.0,42.0,3.0,0.0,0.0,0.0,5.0,6.0,42.0,0.0,0.0,0.0,4.0,1.0,2.0,0.0,6.0,0.0,20.0,8.0,0.0,0.0,21.0,2.0,4.0,0.0,15.0,2.0,0.0,2.0,0.0,9.0,0.0,0.0,3.0,2.0,2.0,3.0,0.0,0.0,2.0,4.0,0.0,2.0,10.0,2.0,0.0,11.0,2.0,5.0,2.0,7.0,0.0,0.0,13.0,0.0,0.0,0.0,0.0,1.0,0.0,0.0,1.0,0.0,1.0,0.0,0.0,9.0,0.0,2.0,0.0,0.0,2.0,6.0,4.0,0.0,0.0,4.0,16.0,17.0,0.0,0.0,0.0,1.0,4.0,0.0,1.0,0.0,0.0,17.0,3.0,3.0,0.0,0.0,0.0,0.0,1.0,0.0,0.0,0.0,0.0,2.0,5.0,2.0,5.0,0.0,3.0,0.0,0.0,5.0,0.0,20.0,0.0,1.0,2.0,0.0,528.5409836065573,0.32786885245901637
2586976,87285329,busen,43,23815,4.0,4.0,9.0,0.0,0.0,0.0,0.0,0.0,0.0,0.0,1.0,0.0,1.0,0.0,0.0,0.0,0.0,0.0,0.0,0.0,0.0,0.0,1.0,0.0,0.0,0.0,0.0,4.0,0.0,0.0,0.0,0.0,0.0,0.0,4.0,4.0,19.0,2.0,0.0,0.0,2.0,0.0,0.0,0.0,0.0,4.0,3.0,8.0,0.0,0.0,0.0,0.0,0.0,0.0,0.0,0.0,0.0,1.0,0.0,53.0,2.0,0.0,1.0,0.0,2.0,19.0,0.0,0.0,1.0,0.0,1.0,2.0,0.0,0.0,0.0,0.0,1.0,0.0,0.0,0.0,2.0,0.0,2.0,0.0,42.0,4.0,0.0,1.0,0.0,11.0,2.0,2.0,0.0,2.0,0.0,15.0,0.0,3.0,12.0,0.0,2.0,7.0,13.0,0.0,2.0,9.0,5.0,6.0,5.0,5.0,0.0,0.0,3.0,0.0,0.0,4.0,12.0,4.0,6.0,0.0,0.0,2.0,5.0,0.0,0.0,1.0,0.0,0.0,0.0,0.0,0.0,0.0,0.0,0.0,5.0,1.0,25.0,0.0,0.0,0.0,0.0,0.0,0.0,0.0,0.0,0.0,0.0,0.0,0.0,7.0,0.0,0.0,0.0,0.0,2.0,0.0,0.0,0.0,1.0,0.0,2.0,0.0,1.0,0.0,0.0,0.0,0.0,3.0,0.0,2.0,0.0,0.0,0.0,0.0,553.8372093023256,0.09302325581395349
39,86745912,rtz,101,61708,17.0,27.0,20.0,0.0,0.0,0.0,0.0,0.0,0.0,0.0,3.0,0.0,6.0,2.0,0.0,0.0,0.0,0.0,0.0,0.0,0.0,0.0,2.0,0.0,0.0,1.0,0.0,5.0,0.0,0.0,2.0,0.0,0.0,0.0,2.0,2.0,25.0,0.0,0.0,0.0,0.0,4.0,0.0,1.0,0.0,16.0,7.0,42.0,1.0,2.0,1.0,1.0,1.0,0.0,0.0,0.0,0.0,1.0,0.0,119.0,3.0,0.0,0.0,0.0,0.0,25.0,3.0,0.0,0.0,0.0,0.0,0.0,0.0,0.0,4.0,1.0,0.0,4.0,0.0,4.0,5.0,2.0,7.0,10.0,60.0,20.0,0.0,2.0,0.0,11.0,1.0,20.0,0.0,2.0,5.0,18.0,0.0,8.0,30.0,4.0,8.0,7.0,67.0,4.0,4.0,12.0,10.0,15.0,18.0,27.0,0.0,4.0,2.0,6.0,5.0,4.0,7.0,0.0,0.0,0.0,0.0,3.0,11.0,0.0,0.0,1.0,0.0,6.0,0.0,0.0,0.0,0.0,0.0,0.0,6.0,0.0,57.0,2.0,0.0,0.0,0.0,1.0,0.0,2.0,0.0,4.0,0.0,0.0,0.0,31.0,0.0,0.0,0.0,0.0,0.0,0.0,0.0,0.0,14.0,0.0,3.0,2.0,0.0,0.0,0.0,1.0,0.0,21.0,0.0,1.0,0.0,0.0,1.0,0.0,610.9702970297029,0.16831683168316833
39,111620041,SumaiL,89,50195,24.0,13.0,92.0,0.0,0.0,0.0,0.0,0.0,0.0,1.0,5.0,0.0,0.0,0.0,0.0,0.0,0.0,0.0,0.0,0.0,0.0,0.0,2.0,0.0,0.0,1.0,0.0,3.0,0.0,0.0,4.0,0.0,0.0,0.0,3.0,0.0,33.0,5.0,2.0,0.0,2.0,39.0,0.0,0.0,0.0,16.0,14.0,54.0,0.0,0.0,0.0,0.0,1.0,0.0,0.0,0.0,0.0,3.0,0.0,73.0,8.0,0.0,1.0,0.0,10.0,5.0,6.0,0.0,0.0,0.0,0.0,0.0,0.0,0.0,4.0,13.0,39.0,4.0,3.0,0.0,28.0,1.0,8.0,2.0,41.0,4.0,0.0,30.0,9.0,14.0,0.0,2.0,1.0,1.0,0.0,0.0,0.0,9.0,9.0,4.0,1.0,0.0,11.0,2.0,1.0,7.0,1.0,7.0,17.0,0.0,0.0,0.0,7.0,3.0,0.0,0.0,0.0,0.0,3.0,0.0,0.0,0.0,5.0,0.0,0.0,14.0,0.0,0.0,0.0,0.0,0.0,0.0,2.0,0.0,0.0,4.0,20.0,5.0,2.0,0.0,0.0,1.0,4.0,5.0,2.0,2.0,0.0,7.0,9.0,0.0,0.0,0.0,0.0,0.0,0.0,0.0,0.0,0.0,2.0,3.0,7.0,0.0,3.0,0.0,12.0,1.0,0.0,4.0,0.0,3.0,0.0,0.0,2.0,0.0,563.9887640449438,0.2696629213483146
39,25907144,Cr1t-,101,31422,216.0,70.0,86.0,0.0,0.0,1.0,0.0,0.0,0.0,2.0,3.0,0.0,1.0,0.0,0.0,0.0,0.0,0.0,2.0,0.0,0.0,0.0,1.0,0.0,5.0,0.0,0.0,1.0,0.0,0.0,21.0,12.0,0.0,0.0,2.0,23.0,91.0,7.0,5.0,0.0,23.0,15.0,3.0,2.0,1.0,54.0,3.0,6.0,0.0,0.0,0.0,0.0,0.0,0.0,3.0,0.0,0.0,5.0,0.0,0.0,0.0,0.0,1.0,0.0,2.0,0.0,9.0,7.0,10.0,2.0,1.0,6.0,27.0,3.0,2.0,0.0,45.0,50.0,0.0,4.0,5.0,0.0,0.0,0.0,7.0,0.0,0.0,1.0,0.0,0.0,2.0,9.0,0.0,0.0,0.0,0.0,0.0,0.0,0.0,0.0,2.0,0.0,0.0,0.0,0.0,4.0,0.0,0.0,0.0,0.0,0.0,0.0,0.0,2.0,0.0,0.0,0.0,0.0,6.0,9.0,8.0,10.0,4.0,4.0,5.0,2.0,0.0,0.0,0.0,0.0,0.0,2.0,0.0,10.0,2.0,1.0,2.0,84.0,0.0,2.0,0.0,0.0,0.0,0.0,6.0,18.0,0.0,4.0,0.0,0.0,0.0,0.0,2.0,0.0,1.0,21.0,0.0,0.0,0.0,0.0,0.0,12.0,7.0,0.0,2.0,0.0,0.0,0.0,0.0,36.0,0.0,0.0,0.0,0.0,311.1089108910891,2.1386138613861387
39,94155156,Fly,136,40586,851.0,88.0,32.0,0.0,0.0,0.0,0.0,0.0,0.0,0.0,2.0,0.0,0.0,0.0,0.0,0.0,0.0,0.0,0.0,0.0,0.0,0.0,0.0,0.0,5.0,1.0,0.0,2.0,5.0,0.0,18.0,6.0,5.0,0.0,0.0,42.0,197.0,0.0,6.0,0.0,44.0,0.0,22.0,30.0,0.0,73.0,2.0,0.0,0.0,0.0,0.0,0.0,0.0,0.0,2.0,0.0,0.0,5.0,1.0,16.0,2.0,0.0,2.0,0.0,2.0,0.0,0.0,2.0,0.0,0.0,0.0,6.0,23.0,0.0,2.0,0.0,10.0,28.0,0.0,0.0,2.0,0.0,0.0,0.0,5.0,0.0,0.0,6.0,0.0,0.0,0.0,0.0,0.0,3.0,1.0,0.0,0.0,0.0,0.0,0.0,0.0,0.0,0.0,0.0,0.0,0.0,0.0,0.0,0.0,0.0,0.0,0.0,1.0,0.0,0.0,0.0,0.0,0.0,0.0,58.0,2.0,14.0,4.0,28.0,51.0,0.0,0.0,0.0,0.0,0.0,0.0,0.0,0.0,1.0,0.0,0.0,1.0,178.0,0.0,0.0,71.0,0.0,2.0,0.0,4.0,6.0,0.0,4.0,0.0,0.0,0.0,0.0,0.0,0.0,0.0,58.0,0.0,0.0,0.0,0.0,0.0,26.0,5.0,0.0,0.0,1.0,0.0,1.0,3.0,7.0,0.0,0.0,0.0,0.0,298.4264705882353,6.257352941176471
39,41231571,s4,136,60170,34.0,32.0,122.0,0.0,0.0,0.0,0.0,0.0,0.0,0.0,10.0,0.0,19.0,0.0,0.0,0.0,4.0,1.0,2.0,0.0,2.0,0.0,6.0,0.0,0.0,0.0,0.0,2.0,0.0,0.0,13.0,12.0,1.0,0.0,3.0,26.0,117.0,2.0,0.0,1.0,1.0,25.0,0.0,0.0,0.0,73.0,20.0,16.0,0.0,0.0,0.0,0.0,5.0,0.0,0.0,0.0,0.0,0.0,0.0,56.0,2.0,2.0,2.0,0.0,2.0,0.0,6.0,0.0,15.0,0.0,0.0,23.0,2.0,0.0,0.0,0.0,39.0,16.0,0.0,0.0,25.0,4.0,10.0,9.0,55.0,4.0,0.0,16.0,11.0,17.0,9.0,20.0,0.0,12.0,0.0,4.0,0.0,4.0,0.0,0.0,4.0,0.0,2.0,0.0,6.0,7.0,0.0,0.0,7.0,2.0,3.0,20.0,22.0,0.0,0.0,0.0,0.0,0.0,22.0,11.0,0.0,9.0,10.0,0.0,0.0,14.0,0.0,2.0,0.0,4.0,0.0,0.0,2.0,1.0,4.0,2.0,51.0,12.0,0.0,1.0,0.0,0.0,2.0,6.0,3.0,10.0,6.0,7.0,8.0,16.0,0.0,0.0,0.0,0.0,36.0,7.0,0.0,0.0,0.0,2.0,3.0,0.0,4.0,0.0,1.0,0.0,0.0,11.0,2.0,2.0,0.0,0.0,0.0,0.0,442.4264705882353,0.25
2108395,184950344,Kuku^,98,39837,243.0,37.0,76.0,0.0,0.0,0.0,0.0,0.0,0.0,0.0,1.0,0.0,3.0,0.0,0.0,0.0,0.0,1.0,0.0,0.0,0.0,0.0,1.0,0.0,2.0,3.0,0.0,4.0,0.0,1.0,14.0,7.0,3.0,0.0,2.0,3.0,64.0,4.0,3.0,2.0,1.0,6.0,3.0,12.0,2.0,53.0,13.0,26.0,0.0,0.0,0.0,0.0,0.0,0.0,2.0,0.0,0.0,3.0,0.0,40.0,5.0,0.0,1.0,0.0,8.0,0.0,15.0,1.0,7.0,2.0,0.0,10.0,6.0,0.0,1.0,4.0,26.0,21.0,0.0,0.0,25.0,4.0,1.0,4.0,30.0,3.0,0.0,8.0,6.0,7.0,4.0,7.0,0.0,13.0,0.0,0.0,0.0,5.0,0.0,0.0,0.0,0.0,1.0,0.0,0.0,8.0,0.0,0.0,0.0,0.0,0.0,2.0,9.0,0.0,0.0,0.0,2.0,4.0,6.0,3.0,1.0,3.0,13.0,7.0,6.0,6.0,2.0,10.0,0.0,0.0,4.0,0.0,1.0,2.0,1.0,2.0,16.0,46.0,0.0,2.0,17.0,0.0,0.0,2.0,5.0,2.0,3.0,12.0,0.0,4.0,1.0,0.0,3.0,0.0,9.0,12.0,0.0,0.0,0.0,0.0,0.0,12.0,6.0,0.0,3.0,0.0,0.0,6.0,2.0,7.0,0.0,0.0,0.0,3.0,406.5,2.479591836734694
2108395,155494381,Tims,109,36034,360.0,51.0,98.0,0.0,0.0,0.0,0.0,0.0,0.0,0.0,0.0,0.0,4.0,0.0,0.0,0.0,0.0,0.0,0.0,0.0,0.0,0.0,0.0,0.0,2.0,0.0,0.0,0.0,1.0,0.0,19.0,29.0,1.0,0.0,5.0,22.0,74.0,12.0,6.0,3.0,6.0,4.0,5.0,12.0,0.0,67.0,23.0,8.0,0.0,0.0,0.0,0.0,0.0,0.0,6.0,0.0,0.0,6.0,1.0,4.0,3.0,0.0,2.0,0.0,11.0,0.0,12.0,4.0,10.0,3.0,0.0,16.0,27.0,0.0,10.0,0.0,26.0,49.0,0.0,0.0,18.0,0.0,0.0,1.0,4.0,0.0,0.0,7.0,0.0,0.0,2.0,1.0,0.0,6.0,1.0,0.0,0.0,4.0,0.0,0.0,0.0,0.0,2.0,0.0,0.0,2.0,0.0,0.0,0.0,0.0,0.0,0.0,2.0,4.0,0.0,0.0,0.0,0.0,6.0,13.0,0.0,20.0,4.0,3.0,6.0,0.0,0.0,6.0,0.0,0.0,0.0,0.0,0.0,2.0,0.0,3.0,1.0,107.0,0.0,0.0,12.0,4.0,0.0,0.0,5.0,1.0,0.0,20.0,1.0,0.0,0.0,0.0,0.0,0.0,8.0,3.0,0.0,0.0,0.0,0.0,0.0,29.0,9.0,0.0,5.0,0.0,0.0,0.0,2.0,13.0,0.0,0.0,0.0,2.0,330.58715596330273,3.302752293577982
2108395,164532005,ARMEL,109,62928,48.0,5.0,56.0,0.0,0.0,0.0,0.0,0.0,0.0,0.0,2.0,2.0,2.0,0.0,0.0,0.0,0.0,1.0,0.0,0.0,0.0,0.0,2.0,0.0,0.0,3.0,0.0,4.0,0.0,0.0,2.0,8.0,0.0,2.0,5.0,1.0,32.0,0.0,0.0,0.0,2.0,14.0,0.0,0.0,0.0,11.0,21.0,20.0,0.0,0.0,5.0,0.0,4.0,0.0,0.0,0.0,0.0,0.0,0.0,87.0,3.0,0.0,0.0,0.0,5.0,10.0,14.0,0.0,0.0,0.0,0.0,0.0,2.0,0.0,19.0,16.0,19.0,6.0,2.0,2.0,9.0,2.0,9.0,5.0,130.0,12.0,0.0,22.0,9.0,22.0,2.0,7.0,0.0,2.0,2.0,7.0,0.0,8.0,13.0,4.0,2.0,0.0,8.0,0.0,11.0,23.0,10.0,8.0,12.0,4.0,0.0,0.0,12.0,22.0,4.0,4.0,2.0,1.0,11.0,0.0,0.0,0.0,12.0,0.0,0.0,4.0,0.0,0.0,0.0,0.0,1.0,0.0,14.0,0.0,0.0,21.0,25.0,5.0,1.0,3.0,0.0,0.0,0.0,0.0,0.0,0.0,0.0,15.0,6.0,12.0,0.0,0.0,0.0,0.0,0.0,0.0,0.0,0.0,5.0,6.0,6.0,2.0,5.0,0.0,8.0,0.0,0.0,38.0,0.0,0.0,0.0,1.0,3.0,0.0,577.3211009174312,0.44036697247706424
2108395,152545459,Gabbi,73,45407,8.0,8.0,18.0,0.0,0.0,0.0,0.0,0.0,0.0,0.0,0.0,2.0,3.0,0.0,0.0,0.0,0.0,0.0,0.0,0.0,0.0,0.0,0.0,0.0,0.0,0.0,0.0,0.0,0.0,0.0,2.0,0.0,0.0,0.0,4.0,0.0,19.0,0.0,2.0,0.0,2.0,2.0,0.0,0.0,0.0,3.0,6.0,5.0,0.0,0.0,0.0,0.0,1.0,0.0,2.0,0.0,0.0,0.0,0.0,45.0,9.0,0.0,0.0,0.0,5.0,8.0,0.0,0.0,5.0,0.0,2.0,2.0,0.0,0.0,4.0,7.0,2.0,2.0,0.0,0.0,3.0,5.0,3.0,12.0,74.0,7.0,0.0,6.0,3.0,13.0,5.0,1.0,0.0,7.0,0.0,19.0,0.0,8.0,25.0,4.0,5.0,15.0,31.0,0.0,5.0,19.0,14.0,5.0,11.0,24.0,0.0,1.0,12.0,5.0,0.0,22.0,20.0,1.0,2.0,0.0,0.0,0.0,3.0,0.0,0.0,2.0,0.0,1.0,0.0,0.0,0.0,0.0,1.0,2.0,7.0,0.0,22.0,1.0,0.0,0.0,0.0,1.0,0.0,11.0,1.0,0.0,0.0,0.0,0.0,18.0,0.0,0.0,0.0,0.0,0.0,2.0,0.0,0.0,10.0,2.0,5.0,0.0,0.0,0.0,0.0,0.0,0.0,11.0,0.0,0.0,0.0,0.0,0.0,0.0,622.013698630137,0.1095890410958904
111474,152962063,miCKe,101,58309,6.0,9.0,21.0,0.0,0.0,0.0,0.0,0.0,0.0,0.0,1.0,2.0,4.0,0.0,0.0,0.0,0.0,0.0,0.0,0.0,0.0,0.0,9.0,0.0,1.0,2.0,0.0,8.0,0.0,0.0,0.0,1.0,0.0,0.0,6.0,6.0,49.0,0.0,0.0,1.0,0.0,15.0,0.0,0.0,0.0,14.0,18.0,20.0,1.0,0.0,2.0,0.0,0.0,0.0,2.0,0.0,0.0,0.0,2.0,144.0,1.0,0.0,0.0,0.0,0.0,8.0,7.0,0.0,0.0,0.0,0.0,4.0,2.0,0.0,6.0,1.0,22.0,7.0,1.0,0.0,20.0,2.0,2.0,18.0,110.0,4.0,0.0,6.0,3.0,10.0,0.0,0.0,1.0,14.0,0.0,20.0,0.0,5.0,12.0,0.0,1.0,12.0,29.0,1.0,0.0,5.0,2.0,20.0,17.0,16.0,0.0,0.0,18.0,2.0,3.0,4.0,15.0,2.0,0.0,0.0,1.0,5.0,3.0,0.0,0.0,1.0,0.0,0.0,0.0,0.0,0.0,0.0,0.0,1.0,6.0,2.0,50.0,2.0,0.0,0.0,0.0,6.0,0.0,1.0,4.0,0.0,0.0,2.0,2.0,20.0,0.0,0.0,0.0,0.0,0.0,0.0,0.0,0.0,2.0,2.0,5.0,0.0,4.0,0.0,4.0,0.0,0.0,10.0,1.0,4.0,0.0,0.0,0.0,0.0,577.3168316831683,0.0594059405940594
111474,77490514,Boxi,101,44156,54.0,14.0,72.0,0.0,0.0,4.0,0.0,0.0,2.0,0.0,5.0,0.0,6.0,2.0,0.0,0.0,0.0,2.0,0.0,0.0,2.0,0.0,4.0,0.0,0.0,1.0,0.0,1.0,0.0,0.0,10.0,17.0,0.0,0.0,1.0,8.0,56.0,0.0,0.0,3.0,24.0,9.0,0.0,0.0,0.0,34.0,12.0,68.0,0.0,1.0,1.0,1.0,0.0,0.0,1.0,0.0,2.0,0.0,4.0,74.0,3.0,0.0,2.0,0.0,7.0,8.0,3.0,0.0,16.0,1.0,2.0,4.0,0.0,0.0,6.0,0.0,8.0,28.0,2.0,0.0,23.0,2.0,1.0,3.0,55.0,1.0,2.0,3.0,0.0,6.0,3.0,12.0,0.0,13.0,0.0,4.0,0.0,10.0,2.0,0.0,3.0,0.0,5.0,0.0,0.0,15.0,2.0,0.0,1.0,3.0,2.0,8.0,9.0,0.0,0.0,0.0,6.0,0.0,15.0,10.0,4.0,7.0,10.0,2.0,1.0,2.0,0.0,0.0,0.0,0.0,0.0,0.0,0.0,4.0,12.0,3.0,11.0,20.0,0.0,0.0,0.0,0.0,0.0,6.0,10.0,7.0,2.0,6.0,2.0,4.0,0.0,0.0,0.0,0.0,10.0,4.0,0.0,0.0,1.0,2.0,5.0,5.0,10.0,0.0,1.0,0.0,0.0,0.0,7.0,0.0,1.0,0.0,0.0,0.0,437.18811881188117,0.5346534653465347
111474,54580962,iNSaNia,101,30903,858.0,113.0,40.0,1.0,0.0,0.0,0.0,1.0,0.0,0.0,2.0,0.0,3.0,0.0,0.0,0.0,0.0,2.0,0.0,0.0,0.0,0.0,0.0,0.0,4.0,0.0,0.0,0.0,1.0,0.0,36.0,7.0,1.0,0.0,1.0,71.0,64.0,5.0,2.0,0.0,8.0,0.0,24.0,16.0,0.0,40.0,8.0,2.0,1.0,0.0,0.0,0.0,0.0,0.0,0.0,0.0,0.0,0.0,0.0,6.0,1.0,0.0,0.0,0.0,18.0,0.0,19.0,1.0,0.0,1.0,0.0,3.0,25.0,1.0,4.0,0.0,9.0,51.0,0.0,0.0,5.0,0.0,0.0,0.0,10.0,0.0,0.0,0.0,0.0,0.0,0.0,2.0,0.0,2.0,0.0,0.0,0.0,0.0,0.0,0.0,0.0,0.0,0.0,2.0,0.0,2.0,0.0,0.0,0.0,0.0,0.0,0.0,1.0,2.0,0.0,0.0,0.0,0.0,0.0,44.0,0.0,4.0,5.0,1.0,23.0,3.0,0.0,0.0,0.0,0.0,0.0,0.0,1.0,2.0,0.0,0.0,0.0,104.0,1.0,0.0,23.0,0.0,1.0,0.0,6.0,1.0,0.0,20.0,1.0,0.0,2.0,0.0,2.0,1.0,0.0,4.0,0.0,0.0,0.0,0.0,0.0,25.0,3.0,0.0,0.0,0.0,0.0,0.0,7.0,7.0,0.0,0.0,0.0,0.0,305.970297029703,8.495049504950495
111474,86738694,qojqva,101,55639,29.0,72.0,46.0,0.0,0.0,0.0,0.0,0.0,0.0,2.0,1.0,0.0,6.0,0.0,0.0,0.0,0.0,0.0,0.0,0.0,0.0,0.0,0.0,0.0,1.0,4.0,0.0,0.0,0.0,0.0,26.0,1.0,0.0,0.0,2.0,0.0,13.0,2.0,7.0,0.0,4.0,6.0,0.0,0.0,0.0,37.0,28.0,9.0,0.0,1.0,0.0,0.0,1.0,0.0,0.0,0.0,0.0,2.0,0.0,77.0,11.0,2.0,0.0,0.0,9.0,4.0,15.0,0.0,0.0,0.0,0.0,6.0,0.0,0.0,18.0,5.0,21.0,14.0,1.0,0.0,15.0,11.0,17.0,1.0,72.0,1.0,0.0,13.0,2.0,3.0,0.0,0.0,0.0,1.0,0.0,12.0,0.0,5.0,2.0,8.0,7.0,0.0,10.0,4.0,0.0,27.0,0.0,0.0,23.0,0.0,0.0,9.0,0.0,4.0,0.0,0.0,28.0,0.0,10.0,4.0,0.0,1.0,2.0,15.0,1.0,16.0,0.0,12.0,0.0,0.0,2.0,0.0,6.0,0.0,2.0,2.0,20.0,4.0,0.0,0.0,0.0,1.0,0.0,2.0,0.0,8.0,0.0,18.0,3.0,5.0,0.0,0.0,0.0,0.0,0.0,0.0,0.0,0.0,6.0,14.0,2.0,0.0,6.0,0.0,6.0,1.0,0.0,6.0,2.0,2.0,0.0,0.0,1.0,0.0,550.8811881188119,0.2871287128712871
6209166,129958758,Xxs,103,47723,38.0,20.0,149.0,0.0,0.0,0.0,0.0,0.0,0.0,0.0,0.0,0.0,15.0,0.0,0.0,0.0,0.0,0.0,0.0,0.0,0.0,0.0,5.0,0.0,0.0,2.0,0.0,6.0,1.0,0.0,13.0,11.0,0.0,0.0,4.0,2.0,39.0,1.0,3.0,1.0,5.0,16.0,0.0,1.0,0.0,30.0,12.0,27.0,2.0,0.0,0.0,1.0,0.0,0.0,1.0,0.0,0.0,1.0,0.0,49.0,7.0,0.0,1.0,0.0,14.0,1.0,2.0,3.0,3.0,0.0,0.0,12.0,0.0,0.0,6.0,4.0,28.0,16.0,2.0,0.0,18.0,8.0,7.0,8.0,45.0,2.0,0.0,15.0,1.0,3.0,13.0,32.0,0.0,11.0,0.0,0.0,0.0,10.0,8.0,7.0,6.0,0.0,7.0,0.0,2.0,19.0,0.0,0.0,1.0,2.0,2.0,4.0,4.0,2.0,0.0,2.0,2.0,0.0,16.0,7.0,0.0,2.0,2.0,0.0,0.0,6.0,0.0,1.0,0.0,1.0,0.0,1.0,1.0,0.0,4.0,16.0,15.0,17.0,0.0,0.0,0.0,0.0,0.0,6.0,14.0,0.0,1.0,13.0,5.0,5.0,0.0,0.0,0.0,0.0,12.0,2.0,0.0,0.0,0.0,2.0,8.0,2.0,6.0,0.0,3.0,0.0,0.0,2.0,0.0,0.0,0.0,0.0,0.0,0.0,463.33009708737865,0.36893203883495146
6209166,113800818,Fenrir,123,31370,944.0,133.0,5.0,0.0,0.0,0.0,0.0,0.0,0.0,0.0,0.0,0.0,10.0,0.0,0.0,0.0,0.0,10.0,0.0,0.0,0.0,2.0,0.0,0.0,0.0,0.0,0.0,0.0,6.0,0.0,12.0,21.0,22.0,0.0,0.0,4.0,88.0,13.0,2.0,0.0,4.0,0.0,21.0,25.0,2.0,70.0,0.0,15.0,0.0,0.0,0.0,0.0,0.0,0.0,2.0,0.0,0.0,3.0,0.0,0.0,0.0,0.0,0.0,0.0,14.0,0.0,4.0,0.0,8.0,0.0,4.0,0.0,15.0,2.0,0.0,0.0,0.0,11.0,0.0,0.0,0.0,0.0,0.0,0.0,1.0,0.0,0.0,0.0,0.0,0.0,0.0,1.0,0.0,0.0,2.0,0.0,0.0,0.0,0.0,0.0,0.0,0.0,0.0,0.0,0.0,1.0,0.0,0.0,0.0,0.0,0.0,0.0,0.0,0.0,0.0,0.0,0.0,0.0,0.0,3.0,0.0,26.0,2.0,7.0,49.0,0.0,0.0,0.0,0.0,0.0,0.0,0.0,0.0,0.0,0.0,0.0,0.0,158.0,0.0,0.0,61.0,0.0,0.0,0.0,0.0,9.0,0.0,14.0,0.0,0.0,0.0,0.0,0.0,0.0,0.0,133.0,0.0,0.0,0.0,0.0,0.0,84.0,1.0,0.0,0.0,0.0,0.0,0.0,19.0,8.0,0.0,0.0,0.0,0.0,255.04065040650406,7.67479674796748
6209166,207829314,BoBoKa,103,33405,311.0,52.0,94.0,0.0,0.0,0.0,0.0,0.0,0.0,0.0,0.0,0.0,2.0,0.0,2.0,0.0,0.0,1.0,0.0,0.0,0.0,0.0,5.0,0.0,1.0,0.0,0.0,0.0,0.0,0.0,13.0,24.0,2.0,0.0,2.0,23.0,84.0,14.0,2.0,0.0,29.0,3.0,0.0,6.0,0.0,72.0,6.0,7.0,0.0,0.0,0.0,0.0,0.0,2.0,2.0,1.0,0.0,4.0,0.0,2.0,4.0,0.0,3.0,0.0,6.0,2.0,18.0,2.0,16.0,0.0,0.0,9.0,25.0,0.0,3.0,0.0,37.0,26.0,0.0,0.0,17.0,3.0,0.0,0.0,20.0,0.0,0.0,16.0,0.0,0.0,0.0,0.0,0.0,1.0,0.0,1.0,0.0,2.0,0.0,0.0,1.0,0.0,0.0,0.0,0.0,4.0,0.0,0.0,0.0,0.0,1.0,3.0,4.0,0.0,0.0,0.0,4.0,0.0,13.0,10.0,1.0,0.0,2.0,4.0,2.0,0.0,0.0,0.0,0.0,2.0,0.0,0.0,0.0,11.0,0.0,4.0,3.0,55.0,2.0,0.0,0.0,0.0,4.0,0.0,4.0,6.0,1.0,31.0,0.0,0.0,0.0,0.0,0.0,0.0,3.0,29.0,0.0,0.0,0.0,0.0,2.0,13.0,3.0,0.0,2.0,0.0,2.0,0.0,0.0,35.0,0.0,0.0,0.0,0.0,324.3203883495146,3.0194174757281553
6209166,108382060,Sylar,103,59642,8.0,8.0,14.0,0.0,1.0,0.0,0.0,0.0,2.0,0.0,0.0,0.0,0.0,0.0,0.0,0.0,0.0,0.0,0.0,2.0,0.0,0.0,1.0,0.0,0.0,2.0,0.0,8.0,0.0,0.0,4.0,0.0,0.0,1.0,10.0,0.0,78.0,0.0,0.0,0.0,0.0,4.0,0.0,0.0,0.0,17.0,0.0,10.0,2.0,0.0,0.0,0.0,1.0,0.0,0.0,0.0,0.0,0.0,0.0,150.0,2.0,0.0,1.0,0.0,2.0,16.0,0.0,2.0,0.0,0.0,1.0,0.0,0.0,0.0,6.0,0.0,0.0,0.0,0.0,0.0,2.0,6.0,5.0,11.0,134.0,12.0,0.0,2.0,1.0,13.0,0.0,1.0,0.0,2.0,0.0,19.0,0.0,10.0,50.0,0.0,3.0,16.0,67.0,1.0,4.0,10.0,9.0,13.0,5.0,26.0,0.0,8.0,6.0,7.0,5.0,12.0,6.0,8.0,2.0,1.0,0.0,4.0,3.0,0.0,0.0,0.0,0.0,4.0,0.0,0.0,0.0,0.0,0.0,0.0,7.0,4.0,32.0,0.0,1.0,0.0,0.0,3.0,0.0,2.0,0.0,0.0,0.0,0.0,1.0,14.0,0.0,0.0,0.0,0.0,0.0,1.0,0.0,0.0,3.0,1.0,3.0,0.0,0.0,0.0,0.0,2.0,0.0,20.0,0.0,0.0,0.0,0.0,0.0,0.0,579.0485436893204,0.07766990291262135
6209166,248941611,lover,34,19409,21.0,5.0,10.0,0.0,0.0,0.0,0.0,0.0,0.0,0.0,0.0,0.0,2.0,0.0,0.0,0.0,0.0,0.0,0.0,0.0,0.0,0.0,2.0,0.0,0.0,3.0,0.0,1.0,0.0,0.0,3.0,0.0,0.0,0.0,5.0,0.0,14.0,0.0,0.0,0.0,0.0,3.0,0.0,0.0,0.0,0.0,0.0,3.0,0.0,0.0,2.0,0.0,1.0,0.0,0.0,0.0,0.0,0.0,0.0,52.0,0.0,0.0,0.0,0.0,6.0,7.0,6.0,0.0,0.0,0.0,0.0,0.0,0.0,0.0,8.0,1.0,6.0,2.0,0.0,0.0,2.0,1.0,2.0,2.0,20.0,1.0,0.0,3.0,4.0,2.0,0.0,0.0,0.0,0.0,0.0,4.0,0.0,1.0,4.0,3.0,0.0,0.0,2.0,1.0,6.0,19.0,3.0,3.0,3.0,7.0,0.0,0.0,0.0,1.0,0.0,12.0,0.0,2.0,7.0,0.0,0.0,1.0,4.0,0.0,0.0,0.0,0.0,0.0,0.0,0.0,0.0,0.0,1.0,0.0,0.0,15.0,2.0,0.0,0.0,0.0,0.0,2.0,0.0,0.0,0.0,0.0,0.0,2.0,0.0,0.0,0.0,0.0,0.0,0.0,0.0,0.0,0.0,0.0,0.0,1.0,4.0,0.0,0.0,0.0,3.0,0.0,0.0,13.0,0.0,0.0,0.0,0.0,1.0,0.0,570.8529411764706,0.6176470588235294
4,118134220,Faith_bian,39,16744,4.0,4.0,58.0,0.0,0.0,0.0,0.0,0.0,0.0,0.0,1.0,0.0,5.0,0.0,0.0,0.0,0.0,3.0,0.0,0.0,0.0,0.0,0.0,0.0,0.0,0.0,0.0,0.0,0.0,0.0,8.0,1.0,0.0,0.0,0.0,11.0,16.0,3.0,0.0,0.0,0.0,6.0,0.0,0.0,0.0,6.0,8.0,7.0,0.0,0.0,0.0,0.0,0.0,0.0,0.0,0.0,0.0,0.0,0.0,15.0,3.0,0.0,1.0,2.0,26.0,0.0,6.0,1.0,15.0,0.0,0.0,0.0,0.0,0.0,1.0,0.0,12.0,10.0,0.0,1.0,12.0,6.0,2.0,1.0,7.0,0.0,0.0,2.0,0.0,0.0,2.0,0.0,0.0,0.0,0.0,2.0,0.0,2.0,0.0,3.0,4.0,0.0,0.0,0.0,0.0,7.0,1.0,0.0,0.0,0.0,0.0,2.0,0.0,0.0,0.0,2.0,0.0,0.0,2.0,7.0,0.0,2.0,0.0,1.0,0.0,1.0,0.0,13.0,0.0,0.0,0.0,0.0,0.0,0.0,2.0,2.0,1.0,10.0,0.0,0.0,0.0,0.0,1.0,1.0,1.0,4.0,4.0,1.0,0.0,0.0,0.0,0.0,0.0,0.0,5.0,0.0,0.0,0.0,0.0,0.0,6.0,1.0,0.0,0.0,0.0,0.0,0.0,0.0,1.0,0.0,0.0,0.0,0.0,0.0,429.3333333333333,0.10256410256410256
4,111114687,y`,39,10659,335.0,38.0,10.0,0.0,0.0,0.0,0.0,0.0,0.0,0.0,0.0,0.0,2.0,0.0,0.0,0.0,0.0,0.0,0.0,0.0,0.0,0.0,0.0,0.0,0.0,2.0,0.0,0.0,0.0,0.0,20.0,9.0,2.0,0.0,0.0,8.0,64.0,2.0,1.0,3.0,8.0,3.0,11.0,5.0,0.0,8.0,2.0,0.0,0.0,0.0,0.0,0.0,0.0,0.0,1.0,0.0,0.0,0.0,0.0,1.0,2.0,0.0,1.0,0.0,23.0,0.0,0.0,1.0,0.0,0.0,0.0,2.0,11.0,0.0,0.0,0.0,3.0,3.0,0.0,0.0,0.0,0.0,0.0,0.0,0.0,0.0,0.0,2.0,0.0,0.0,0.0,0.0,0.0,1.0,0.0,0.0,0.0,0.0,0.0,0.0,0.0,0.0,0.0,0.0,0.0,0.0,0.0,0.0,0.0,0.0,0.0,0.0,0.0,0.0,0.0,0.0,0.0,0.0,3.0,2.0,0.0,8.0,2.0,2.0,6.0,0.0,0.0,0.0,0.0,0.0,0.0,0.0,0.0,0.0,0.0,0.0,0.0,34.0,0.0,1.0,13.0,0.0,1.0,0.0,1.0,2.0,0.0,2.0,0.0,0.0,0.0,0.0,0.0,0.0,0.0,10.0,0.0,0.0,0.0,0.0,0.0,15.0,0.0,0.0,0.0,0.0,0.0,0.0,0.0,0.0,0.0,0.0,0.0,0.0,273.3076923076923,8.58974358974359
4,158847773,天命,35,10500,83.0,28.0,23.0,0.0,0.0,0.0,0.0,0.0,1.0,0.0,2.0,0.0,0.0,0.0,0.0,0.0,0.0,0.0,0.0,0.0,0.0,0.0,1.0,0.0,0.0,0.0,0.0,1.0,0.0,0.0,5.0,2.0,1.0,0.0,0.0,17.0,35.0,5.0,2.0,0.0,5.0,2.0,2.0,5.0,0.0,4.0,1.0,4.0,0.0,0.0,0.0,0.0,0.0,0.0,2.0,0.0,0.0,0.0,0.0,0.0,3.0,0.0,0.0,0.0,10.0,0.0,5.0,0.0,1.0,2.0,0.0,2.0,14.0,1.0,2.0,0.0,18.0,9.0,0.0,0.0,0.0,2.0,0.0,0.0,2.0,0.0,0.0,0.0,0.0,0.0,0.0,0.0,0.0,0.0,0.0,0.0,0.0,1.0,0.0,0.0,1.0,0.0,0.0,0.0,0.0,0.0,0.0,0.0,0.0,0.0,0.0,0.0,0.0,0.0,0.0,0.0,0.0,0.0,0.0,0.0,2.0,2.0,2.0,0.0,6.0,0.0,0.0,0.0,0.0,0.0,0.0,0.0,0.0,0.0,0.0,3.0,0.0,31.0,0.0,0.0,3.0,0.0,2.0,0.0,2.0,0.0,0.0,11.0,0.0,0.0,0.0,0.0,0.0,0.0,0.0,6.0,0.0,0.0,0.0,0.0,0.0,18.0,1.0,0.0,1.0,0.0,0.0,0.0,0.0,4.0,0.0,0.0,0.0,0.0,300.0,2.3714285714285714
6214538,86726887,MSS-,88,28922,125.0,49.0,72.0,0.0,0.0,0.0,0.0,0.0,0.0,0.0,6.0,0.0,4.0,0.0,1.0,0.0,0.0,0.0,0.0,0.0,0.0,0.0,1.0,1.0,0.0,1.0,0.0,0.0,0.0,0.0,18.0,13.0,3.0,0.0,1.0,24.0,104.0,2.0,4.0,0.0,22.0,0.0,1.0,0.0,1.0,36.0,4.0,6.0,0.0,0.0,0.0,0.0,0.0,0.0,0.0,0.0,0.0,1.0,2.0,0.0,0.0,0.0,0.0,0.0,11.0,0.0,5.0,1.0,1.0,3.0,0.0,0.0,30.0,1.0,6.0,1.0,23.0,23.0,0.0,0.0,15.0,3.0,0.0,0.0,8.0,0.0,0.0,8.0,0.0,1.0,0.0,2.0,0.0,0.0,0.0,0.0,0.0,0.0,0.0,0.0,1.0,0.0,2.0,0.0,0.0,6.0,0.0,0.0,0.0,0.0,1.0,3.0,0.0,0.0,0.0,0.0,0.0,0.0,3.0,20.0,2.0,2.0,6.0,7.0,6.0,0.0,0.0,0.0,0.0,0.0,0.0,0.0,0.0,2.0,0.0,2.0,2.0,112.0,0.0,0.0,1.0,0.0,6.0,0.0,8.0,3.0,8.0,17.0,0.0,0.0,0.0,0.0,0.0,0.0,1.0,9.0,0.0,0.0,0.0,0.0,0.0,21.0,2.0,0.0,0.0,1.0,0.0,0.0,1.0,18.0,0.0,0.0,0.0,0.0,328.65909090909093,1.4204545454545454
6214538,47434686,SVG,88,23801,1039.0,82.0,0.0,0.0,0.0,0.0,0.0,0.0,0.0,0.0,3.0,0.0,1.0,0.0,0.0,0.0,0.0,0.0,0.0,0.0,0.0,0.0,0.0,0.0,0.0,0.0,0.0,0.0,0.0,0.0,20.0,15.0,2.0,0.0,0.0,10.0,66.0,6.0,10.0,7.0,10.0,0.0,27.0,7.0,0.0,52.0,0.0,0.0,0.0,0.0,0.0,0.0,0.0,0.0,0.0,0.0,0.0,3.0,6.0,2.0,0.0,0.0,0.0,0.0,36.0,0.0,0.0,1.0,4.0,9.0,0.0,2.0,10.0,0.0,0.0,0.0,3.0,14.0,0.0,0.0,2.0,0.0,0.0,0.0,0.0,0.0,0.0,0.0,0.0,0.0,2.0,2.0,0.0,2.0,0.0,0.0,0.0,0.0,0.0,0.0,0.0,0.0,0.0,0.0,0.0,0.0,0.0,0.0,0.0,0.0,2.0,1.0,0.0,0.0,0.0,0.0,0.0,0.0,2.0,20.0,1.0,28.0,10.0,0.0,43.0,0.0,0.0,0.0,0.0,0.0,0.0,0.0,0.0,0.0,0.0,0.0,0.0,130.0,0.0,0.0,12.0,0.0,0.0,0.0,0.0,2.0,0.0,11.0,0.0,0.0,0.0,0.0,0.0,0.0,2.0,52.0,0.0,0.0,0.0,0.0,0.0,8.0,1.0,0.0,0.0,0.0,0.0,0.0,21.0,30.0,0.0,0.0,0.0,0.0,270.46590909090907,11.806818181818182
6214538,86725175,Resolut1on,90,59412,5.0,15.0,24.0,0.0,0.0,2.0,0.0,0.0,0.0,0.0,0.0,1.0,5.0,0.0,0.0,0.0,0.0,0.0,0.0,0.0,0.0,0.0,2.0,0.0,0.0,5.0,0.0,8.0,0.0,0.0,0.0,1.0,0.0,0.0,4.0,4.0,9.0,0.0,0.0,0.0,0.0,0.0,0.0,0.0,0.0,9.0,9.0,20.0,0.0,1.0,2.0,0.0,0.0,0.0,0.0,0.0,0.0,0.0,0.0,80.0,6.0,0.0,0.0,0.0,2.0,25.0,4.0,0.0,1.0,0.0,3.0,0.0,2.0,0.0,10.0,2.0,0.0,2.0,0.0,3.0,5.0,5.0,5.0,7.0,91.0,18.0,0.0,1.0,0.0,19.0,0.0,3.0,0.0,1.0,2.0,14.0,0.0,3.0,22.0,0.0,0.0,29.0,74.0,0.0,4.0,17.0,7.0,5.0,19.0,28.0,0.0,1.0,3.0,5.0,1.0,10.0,24.0,8.0,6.0,0.0,0.0,1.0,3.0,0.0,0.0,0.0,2.0,0.0,0.0,0.0,0.0,0.0,0.0,0.0,12.0,0.0,39.0,0.0,0.0,0.0,0.0,1.0,0.0,8.0,0.0,0.0,0.0,0.0,3.0,4.0,0.0,0.0,0.0,0.0,0.0,0.0,0.0,0.0,8.0,0.0,6.0,0.0,0.0,0.0,0.0,0.0,0.0,23.0,0.0,0.0,0.0,0.0,2.0,0.0,660.1333333333333,0.05555555555555555
6214538,87276347,Universe,116,47795,12.0,49.0,78.0,0.0,0.0,1.0,0.0,0.0,1.0,0.0,11.0,0.0,11.0,0.0,0.0,0.0,0.0,0.0,0.0,0.0,0.0,0.0,3.0,0.0,2.0,1.0,0.0,0.0,0.0,0.0,31.0,24.0,2.0,0.0,8.0,5.0,33.0,1.0,5.0,0.0,10.0,11.0,0.0,0.0,0.0,106.0,12.0,40.0,2.0,0.0,0.0,2.0,2.0,0.0,2.0,0.0,0.0,4.0,2.0,54.0,0.0,0.0,3.0,0.0,14.0,2.0,7.0,2.0,9.0,5.0,2.0,33.0,4.0,2.0,5.0,1.0,9.0,15.0,0.0,0.0,14.0,8.0,0.0,2.0,31.0,0.0,0.0,7.0,0.0,5.0,6.0,13.0,1.0,0.0,0.0,7.0,0.0,0.0,0.0,0.0,0.0,0.0,0.0,2.0,0.0,27.0,0.0,0.0,3.0,0.0,2.0,26.0,3.0,0.0,0.0,1.0,0.0,0.0,33.0,16.0,0.0,10.0,5.0,4.0,0.0,4.0,0.0,8.0,0.0,0.0,1.0,0.0,0.0,0.0,2.0,6.0,13.0,32.0,0.0,1.0,0.0,4.0,2.0,0.0,5.0,3.0,21.0,8.0,0.0,6.0,0.0,2.0,0.0,0.0,59.0,0.0,2.0,0.0,4.0,0.0,5.0,0.0,1.0,0.0,0.0,0.0,0.0,2.0,0.0,1.0,0.0,0.0,0.0,0.0,412.0258620689655,0.10344827586206896
6214538,108452107,YawaR,76,37202,11.0,15.0,60.0,0.0,0.0,0.0,0.0,0.0,3.0,0.0,0.0,0.0,7.0,0.0,0.0,0.0,0.0,0.0,0.0,0.0,0.0,0.0,2.0,0.0,1.0,2.0,0.0,0.0,0.0,0.0,2.0,3.0,0.0,0.0,7.0,6.0,34.0,1.0,2.0,0.0,0.0,35.0,0.0,2.0,0.0,19.0,11.0,18.0,0.0,1.0,0.0,0.0,1.0,0.0,3.0,0.0,0.0,0.0,1.0,82.0,3.0,1.0,0.0,0.0,4.0,9.0,30.0,0.0,0.0,0.0,0.0,0.0,1.0,0.0,5.0,1.0,23.0,11.0,1.0,0.0,12.0,0.0,3.0,1.0,78.0,0.0,0.0,4.0,4.0,13.0,0.0,0.0,0.0,3.0,0.0,6.0,0.0,2.0,1.0,2.0,0.0,1.0,4.0,1.0,0.0,4.0,2.0,1.0,14.0,0.0,0.0,0.0,13.0,3.0,0.0,0.0,2.0,2.0,3.0,4.0,0.0,0.0,3.0,0.0,0.0,3.0,0.0,0.0,0.0,1.0,0.0,0.0,4.0,0.0,0.0,4.0,25.0,10.0,0.0,0.0,0.0,0.0,0.0,1.0,2.0,0.0,0.0,8.0,1.0,4.0,0.0,0.0,0.0,0.0,0.0,0.0,0.0,0.0,2.0,1.0,7.0,0.0,2.0,0.0,3.0,0.0,0.0,10.0,0.0,3.0,0.0,0.0,0.0,0.0,489.5,0.14473684210526316
2626685,397462905,Dark,42,11406,161.0,39.0,6.0,0.0,0.0,0.0,0.0,0.0,0.0,0.0,0.0,0.0,2.0,0.0,0.0,0.0,0.0,1.0,0.0,0.0,0.0,1.0,0.0,0.0,0.0,0.0,0.0,0.0,0.0,0.0,7.0,2.0,6.0,0.0,0.0,33.0,44.0,11.0,2.0,0.0,9.0,0.0,6.0,17.0,0.0,3.0,0.0,1.0,0.0,0.0,0.0,0.0,0.0,0.0,2.0,0.0,0.0,1.0,2.0,0.0,0.0,0.0,1.0,0.0,10.0,0.0,0.0,0.0,0.0,0.0,0.0,0.0,33.0,0.0,0.0,0.0,2.0,4.0,0.0,0.0,2.0,0.0,0.0,0.0,0.0,0.0,0.0,0.0,0.0,0.0,0.0,0.0,0.0,1.0,0.0,0.0,0.0,0.0,0.0,0.0,0.0,0.0,0.0,0.0,0.0,0.0,0.0,0.0,0.0,0.0,0.0,0.0,2.0,0.0,0.0,0.0,0.0,0.0,0.0,0.0,0.0,3.0,0.0,0.0,27.0,0.0,0.0,0.0,0.0,0.0,0.0,0.0,0.0,0.0,0.0,2.0,0.0,36.0,0.0,3.0,28.0,0.0,0.0,0.0,0.0,0.0,0.0,1.0,0.0,0.0,0.0,0.0,0.0,0.0,2.0,11.0,0.0,0.0,0.0,0.0,0.0,12.0,0.0,0.0,0.0,0.0,0.0,0.0,2.0,0.0,1.0,0.0,0.0,0.0,271.57142857142856,3.8333333333333335
2626685,255219872,一,40,21378,53.0,3.0,36.0,0.0,0.0,0.0,0.0,0.0,0.0,0.0,0.0,1.0,0.0,0.0,0.0,0.0,0.0,0.0,0.0,0.0,0.0,0.0,1.0,0.0,0.0,0.0,0.0,0.0,0.0,0.0,6.0,2.0,0.0,0.0,0.0,3.0,23.0,0.0,0.0,0.0,0.0,9.0,0.0,0.0,0.0,0.0,8.0,3.0,0.0,0.0,0.0,0.0,0.0,0.0,0.0,0.0,0.0,0.0,0.0,36.0,0.0,0.0,0.0,0.0,6.0,20.0,15.0,0.0,0.0,0.0,0.0,2.0,0.0,0.0,2.0,1.0,20.0,6.0,1.0,1.0,3.0,6.0,0.0,0.0,32.0,2.0,0.0,2.0,4.0,1.0,0.0,0.0,0.0,2.0,0.0,2.0,0.0,0.0,0.0,5.0,0.0,1.0,0.0,1.0,2.0,5.0,1.0,1.0,5.0,1.0,0.0,0.0,5.0,1.0,0.0,6.0,2.0,0.0,2.0,1.0,0.0,1.0,1.0,0.0,0.0,12.0,0.0,0.0,0.0,1.0,2.0,0.0,3.0,0.0,0.0,3.0,2.0,5.0,0.0,0.0,0.0,0.0,0.0,0.0,0.0,0.0,0.0,7.0,0.0,5.0,0.0,0.0,0.0,0.0,0.0,1.0,0.0,0.0,0.0,3.0,0.0,0.0,3.0,0.0,0.0,0.0,0.0,10.0,0.0,0.0,0.0,0.0,3.0,0.0,534.45,1.325
2626685,135878232,old chicken,46,24974,4.0,7.0,2.0,0.0,0.0,0.0,0.0,0.0,1.0,0.0,1.0,1.0,6.0,0.0,0.0,0.0,0.0,2.0,0.0,0.0,0.0,0.0,0.0,0.0,0.0,3.0,0.0,4.0,0.0,0.0,2.0,0.0,0.0,0.0,0.0,2.0,10.0,0.0,0.0,0.0,0.0,2.0,0.0,0.0,2.0,3.0,2.0,14.0,0.0,0.0,0.0,0.0,5.0,0.0,0.0,0.0,0.0,2.0,0.0,64.0,1.0,0.0,1.0,0.0,0.0,53.0,2.0,0.0,0.0,0.0,0.0,0.0,0.0,0.0,2.0,0.0,7.0,0.0,0.0,1.0,2.0,0.0,2.0,7.0,46.0,2.0,0.0,4.0,0.0,8.0,0.0,0.0,1.0,1.0,2.0,2.0,0.0,1.0,10.0,0.0,1.0,8.0,21.0,0.0,0.0,5.0,3.0,2.0,2.0,3.0,0.0,6.0,6.0,5.0,0.0,6.0,16.0,0.0,0.0,0.0,0.0,6.0,5.0,2.0,0.0,0.0,0.0,4.0,0.0,0.0,0.0,0.0,0.0,0.0,2.0,0.0,1.0,0.0,0.0,1.0,0.0,3.0,2.0,1.0,0.0,0.0,0.0,0.0,3.0,1.0,0.0,0.0,0.0,0.0,1.0,0.0,4.0,0.0,0.0,0.0,3.0,0.0,0.0,0.0,0.0,0.0,0.0,1.0,0.0,0.0,0.0,0.0,0.0,0.0,542.9130434782609,0.08695652173913043
2626685,139876032,kaka,111,35023,504.0,114.0,102.0,0.0,0.0,0.0,0.0,0.0,0.0,0.0,3.0,0.0,2.0,0.0,0.0,0.0,0.0,2.0,0.0,0.0,0.0,2.0,7.0,0.0,2.0,0.0,0.0,0.0,0.0,0.0,12.0,31.0,0.0,0.0,1.0,15.0,71.0,9.0,1.0,0.0,20.0,11.0,2.0,19.0,0.0,44.0,4.0,5.0,0.0,0.0,0.0,0.0,1.0,0.0,4.0,0.0,1.0,14.0,5.0,5.0,5.0,0.0,0.0,0.0,7.0,0.0,5.0,10.0,10.0,2.0,0.0,5.0,44.0,0.0,2.0,0.0,51.0,25.0,0.0,0.0,24.0,3.0,0.0,3.0,13.0,0.0,0.0,5.0,0.0,5.0,1.0,0.0,0.0,3.0,0.0,2.0,0.0,1.0,0.0,0.0,1.0,0.0,0.0,0.0,0.0,4.0,0.0,0.0,0.0,0.0,2.0,0.0,0.0,1.0,0.0,0.0,0.0,1.0,6.0,14.0,0.0,2.0,1.0,2.0,4.0,0.0,0.0,0.0,0.0,0.0,0.0,0.0,0.0,4.0,1.0,4.0,0.0,95.0,3.0,2.0,4.0,1.0,0.0,0.0,5.0,2.0,0.0,25.0,0.0,0.0,0.0,0.0,0.0,2.0,5.0,11.0,0.0,0.0,0.0,0.0,0.0,19.0,22.0,0.0,0.0,2.0,0.0,0.0,0.0,17.0,2.0,0.0,0.0,0.0,315.52252252252254,4.54054054054054
2626685,134276083,old eLeVeN,84,38244,30.0,38.0,110.0,0.0,0.0,0.0,0.0,0.0,0.0,1.0,7.0,0.0,24.0,0.0,0.0,0.0,0.0,0.0,0.0,0.0,0.0,0.0,4.0,0.0,1.0,0.0,0.0,0.0,0.0,0.0,10.0,8.0,1.0,0.0,0.0,4.0,66.0,2.0,0.0,0.0,9.0,6.0,2.0,3.0,2.0,19.0,15.0,37.0,0.0,0.0,1.0,0.0,0.0,0.0,1.0,0.0,0.0,0.0,1.0,41.0,8.0,0.0,0.0,1.0,9.0,0.0,1.0,4.0,4.0,0.0,0.0,10.0,0.0,0.0,4.0,1.0,17.0,11.0,0.0,1.0,7.0,7.0,5.0,3.0,22.0,4.0,0.0,11.0,0.0,4.0,4.0,2.0,0.0,5.0,0.0,4.0,0.0,0.0,0.0,0.0,2.0,0.0,2.0,1.0,0.0,12.0,1.0,0.0,4.0,0.0,1.0,4.0,6.0,1.0,0.0,0.0,2.0,0.0,10.0,9.0,0.0,10.0,3.0,12.0,0.0,0.0,0.0,9.0,0.0,0.0,3.0,0.0,0.0,0.0,2.0,3.0,10.0,19.0,0.0,0.0,0.0,1.0,2.0,0.0,7.0,3.0,7.0,6.0,1.0,0.0,0.0,1.0,0.0,0.0,24.0,10.0,2.0,0.0,1.0,0.0,0.0,0.0,1.0,0.0,0.0,0.0,0.0,1.0,1.0,0.0,0.0,0.0,0.0,0.0,455.2857142857143,0.35714285714285715
1375614,149486894,Sccc,109,61606,86.0,10.0,92.0,0.0,0.0,0.0,0.0,0.0,2.0,1.0,3.0,0.0,1.0,0.0,0.0,0.0,0.0,1.0,0.0,0.0,0.0,0.0,4.0,0.0,0.0,4.0,0.0,3.0,0.0,0.0,10.0,2.0,0.0,1.0,3.0,0.0,27.0,0.0,0.0,0.0,1.0,16.0,0.0,0.0,0.0,21.0,35.0,27.0,2.0,0.0,0.0,0.0,1.0,0.0,0.0,0.0,0.0,2.0,2.0,74.0,5.0,0.0,0.0,0.0,4.0,7.0,14.0,0.0,0.0,0.0,2.0,6.0,0.0,0.0,10.0,18.0,44.0,5.0,0.0,0.0,24.0,1.0,8.0,2.0,102.0,4.0,0.0,19.0,9.0,26.0,0.0,3.0,4.0,0.0,7.0,6.0,0.0,5.0,7.0,12.0,0.0,6.0,9.0,1.0,4.0,22.0,4.0,4.0,17.0,1.0,2.0,7.0,11.0,5.0,1.0,6.0,2.0,5.0,8.0,7.0,0.0,0.0,5.0,2.0,0.0,9.0,0.0,2.0,0.0,0.0,0.0,4.0,2.0,2.0,0.0,4.0,26.0,4.0,0.0,0.0,0.0,7.0,0.0,2.0,1.0,2.0,0.0,10.0,13.0,5.0,0.0,1.0,1.0,0.0,0.0,1.0,0.0,0.0,2.0,2.0,1.0,2.0,11.0,0.0,5.0,0.0,0.0,27.0,1.0,6.0,0.0,0.0,0.0,0.0,565.1926605504588,0.7889908256880734
1375614,117281554,Moogy,102,55256,7.0,13.0,12.0,0.0,0.0,0.0,0.0,1.0,2.0,2.0,1.0,1.0,5.0,0.0,0.0,0.0,0.0,0.0,0.0,0.0,0.0,0.0,3.0,2.0,0.0,8.0,0.0,5.0,0.0,0.0,5.0,4.0,0.0,0.0,4.0,0.0,45.0,0.0,0.0,0.0,0.0,6.0,0.0,0.0,0.0,16.0,6.0,44.0,1.0,0.0,2.0,0.0,0.0,0.0,0.0,0.0,0.0,2.0,0.0,110.0,0.0,0.0,0.0,1.0,0.0,12.0,0.0,0.0,0.0,0.0,1.0,2.0,0.0,0.0,4.0,1.0,10.0,0.0,0.0,0.0,8.0,3.0,9.0,10.0,118.0,13.0,0.0,4.0,3.0,16.0,0.0,2.0,0.0,6.0,1.0,13.0,0.0,8.0,21.0,4.0,2.0,2.0,47.0,1.0,8.0,10.0,11.0,18.0,30.0,6.0,3.0,7.0,11.0,3.0,7.0,6.0,24.0,2.0,8.0,0.0,0.0,1.0,18.0,0.0,0.0,1.0,0.0,10.0,2.0,0.0,0.0,0.0,0.0,0.0,6.0,4.0,42.0,1.0,0.0,0.0,0.0,0.0,0.0,9.0,2.0,3.0,0.0,0.0,2.0,15.0,0.0,0.0,0.0,0.0,0.0,0.0,1.0,0.0,10.0,0.0,4.0,0.0,1.0,0.0,0.0,2.0,0.0,8.0,0.0,0.0,0.0,0.0,0.0,0.0,541.7254901960785,0.06862745098039216
1375614,82327674,Faith,106,28755,765.0,159.0,9.0,0.0,0.0,0.0,0.0,0.0,0.0,0.0,1.0,0.0,1.0,0.0,0.0,0.0,0.0,31.0,0.0,0.0,0.0,0.0,1.0,0.0,2.0,0.0,0.0,0.0,2.0,1.0,15.0,13.0,11.0,0.0,0.0,37.0,36.0,13.0,0.0,1.0,4.0,1.0,23.0,18.0,0.0,62.0,7.0,1.0,0.0,0.0,0.0,0.0,0.0,0.0,3.0,0.0,2.0,6.0,1.0,12.0,1.0,0.0,2.0,0.0,29.0,0.0,0.0,0.0,2.0,0.0,0.0,0.0,36.0,0.0,0.0,0.0,5.0,14.0,0.0,0.0,6.0,1.0,1.0,0.0,2.0,0.0,0.0,0.0,0.0,0.0,2.0,0.0,0.0,0.0,0.0,0.0,0.0,0.0,0.0,0.0,0.0,0.0,0.0,0.0,0.0,0.0,0.0,0.0,0.0,0.0,0.0,0.0,0.0,0.0,0.0,0.0,0.0,0.0,1.0,2.0,1.0,11.0,4.0,10.0,40.0,0.0,0.0,2.0,0.0,0.0,0.0,0.0,0.0,0.0,0.0,0.0,0.0,163.0,0.0,10.0,20.0,0.0,0.0,0.0,3.0,11.0,2.0,4.0,0.0,0.0,0.0,0.0,0.0,0.0,2.0,33.0,0.0,0.0,1.0,0.0,0.0,52.0,2.0,0.0,0.0,1.0,0.0,0.0,0.0,5.0,0.0,0.0,0.0,0.0,271.27358490566036,7.216981132075472
1375614,111189717,剑来！,129,61687,22.0,30.0,110.0,0.0,0.0,2.0,0.0,0.0,0.0,0.0,8.0,0.0,7.0,2.0,0.0,0.0,0.0,2.0,0.0,1.0,2.0,0.0,0.0,1.0,0.0,3.0,0.0,1.0,0.0,0.0,9.0,15.0,4.0,0.0,1.0,3.0,49.0,8.0,0.0,0.0,4.0,57.0,0.0,1.0,0.0,48.0,27.0,16.0,0.0,0.0,0.0,0.0,7.0,0.0,0.0,2.0,0.0,3.0,0.0,53.0,10.0,0.0,3.0,4.0,4.0,3.0,11.0,2.0,2.0,0.0,4.0,14.0,3.0,0.0,5.0,26.0,33.0,32.0,2.0,2.0,33.0,4.0,12.0,1.0,98.0,1.0,0.0,20.0,15.0,14.0,6.0,11.0,3.0,10.0,0.0,3.0,0.0,1.0,4.0,2.0,0.0,4.0,6.0,1.0,26.0,20.0,3.0,0.0,3.0,1.0,1.0,9.0,2.0,2.0,6.0,6.0,6.0,0.0,6.0,4.0,1.0,2.0,22.0,5.0,1.0,15.0,0.0,2.0,2.0,0.0,0.0,2.0,4.0,0.0,2.0,2.0,15.0,15.0,0.0,0.0,0.0,3.0,2.0,1.0,3.0,2.0,4.0,9.0,15.0,9.0,0.0,2.0,0.0,0.0,9.0,0.0,0.0,0.0,14.0,2.0,1.0,0.0,4.0,0.0,2.0,0.0,0.0,6.0,1.0,2.0,0.0,0.0,0.0,0.0,478.1937984496124,0.17054263565891473
36,117421467,SoNNeikO,62,18972,520.0,82.0,6.0,0.0,0.0,0.0,0.0,0.0,0.0,0.0,0.0,0.0,4.0,1.0,0.0,0.0,0.0,3.0,0.0,0.0,0.0,1.0,0.0,0.0,1.0,2.0,0.0,0.0,1.0,0.0,14.0,3.0,2.0,1.0,0.0,10.0,85.0,4.0,19.0,7.0,23.0,0.0,5.0,16.0,2.0,36.0,3.0,0.0,0.0,0.0,0.0,0.0,0.0,0.0,0.0,0.0,0.0,0.0,0.0,2.0,1.0,0.0,0.0,0.0,0.0,0.0,0.0,0.0,3.0,1.0,0.0,1.0,19.0,0.0,2.0,0.0,2.0,14.0,0.0,0.0,3.0,2.0,0.0,0.0,0.0,0.0,0.0,0.0,0.0,0.0,0.0,0.0,0.0,2.0,0.0,0.0,0.0,0.0,0.0,0.0,0.0,0.0,0.0,0.0,0.0,0.0,0.0,0.0,0.0,0.0,0.0,4.0,0.0,2.0,0.0,0.0,0.0,0.0,0.0,9.0,2.0,4.0,5.0,2.0,19.0,4.0,0.0,0.0,0.0,0.0,0.0,0.0,0.0,0.0,0.0,2.0,0.0,42.0,0.0,0.0,24.0,0.0,4.0,0.0,0.0,0.0,0.0,0.0,0.0,0.0,0.0,0.0,0.0,0.0,0.0,3.0,0.0,0.0,0.0,0.0,0.0,33.0,1.0,1.0,0.0,0.0,0.0,2.0,2.0,10.0,0.0,0.0,0.0,0.0,306.0,8.387096774193548
36,114619230,Crystallize,100,55025,4.0,12.0,16.0,0.0,0.0,0.0,0.0,0.0,0.0,3.0,0.0,0.0,6.0,0.0,0.0,0.0,0.0,0.0,0.0,0.0,0.0,0.0,2.0,0.0,0.0,0.0,0.0,10.0,0.0,0.0,2.0,1.0,0.0,1.0,2.0,2.0,26.0,2.0,0.0,0.0,0.0,1.0,0.0,0.0,0.0,40.0,6.0,28.0,2.0,2.0,2.0,0.0,1.0,0.0,0.0,0.0,0.0,1.0,0.0,151.0,1.0,0.0,0.0,0.0,0.0,23.0,1.0,0.0,0.0,0.0,1.0,1.0,0.0,0.0,7.0,2.0,2.0,3.0,0.0,0.0,3.0,0.0,4.0,4.0,116.0,8.0,0.0,0.0,0.0,20.0,0.0,0.0,0.0,4.0,4.0,21.0,0.0,4.0,14.0,0.0,7.0,5.0,33.0,0.0,14.0,26.0,11.0,10.0,10.0,11.0,0.0,4.0,6.0,3.0,2.0,26.0,26.0,14.0,13.0,0.0,0.0,3.0,9.0,0.0,0.0,2.0,0.0,4.0,0.0,0.0,0.0,0.0,0.0,0.0,3.0,5.0,35.0,0.0,0.0,0.0,0.0,0.0,0.0,12.0,0.0,6.0,0.0,0.0,0.0,5.0,0.0,0.0,0.0,0.0,0.0,0.0,0.0,0.0,6.0,3.0,8.0,0.0,0.0,0.0,0.0,0.0,0.0,16.0,0.0,0.0,0.0,0.0,0.0,0.0,550.25,0.04
36,117483894,Chu,63,17265,85.0,41.0,66.0,0.0,0.0,0.0,0.0,0.0,0.0,0.0,0.0,0.0,0.0,0.0,0.0,0.0,0.0,0.0,0.0,0.0,0.0,0.0,0.0,0.0,1.0,0.0,0.0,0.0,0.0,0.0,4.0,10.0,5.0,0.0,1.0,34.0,18.0,9.0,10.0,2.0,25.0,6.0,0.0,3.0,1.0,52.0,4.0,4.0,0.0,0.0,0.0,0.0,0.0,0.0,2.0,0.0,0.0,2.0,2.0,7.0,0.0,1.0,1.0,0.0,7.0,0.0,3.0,8.0,2.0,2.0,0.0,0.0,33.0,0.0,4.0,0.0,18.0,5.0,0.0,0.0,2.0,1.0,0.0,0.0,2.0,0.0,0.0,1.0,0.0,0.0,0.0,0.0,0.0,3.0,0.0,0.0,0.0,0.0,0.0,0.0,1.0,0.0,0.0,0.0,0.0,4.0,0.0,0.0,0.0,0.0,0.0,0.0,0.0,0.0,0.0,0.0,0.0,0.0,5.0,6.0,0.0,12.0,0.0,2.0,0.0,0.0,0.0,0.0,0.0,0.0,0.0,0.0,2.0,4.0,0.0,2.0,0.0,46.0,0.0,2.0,1.0,0.0,8.0,0.0,3.0,4.0,0.0,7.0,1.0,0.0,1.0,0.0,1.0,0.0,0.0,8.0,0.0,0.0,2.0,0.0,2.0,4.0,1.0,0.0,0.0,0.0,0.0,0.0,2.0,33.0,0.0,0.0,0.0,1.0,274.04761904761904,1.3492063492063493
36,171981096,MagicaL,53,29811,35.0,10.0,29.0,0.0,0.0,0.0,0.0,0.0,0.0,2.0,1.0,0.0,1.0,0.0,0.0,0.0,0.0,0.0,0.0,0.0,0.0,0.0,1.0,0.0,0.0,0.0,0.0,0.0,0.0,0.0,8.0,4.0,0.0,0.0,6.0,5.0,3.0,1.0,0.0,0.0,3.0,15.0,0.0,0.0,2.0,13.0,10.0,6.0,0.0,0.0,0.0,0.0,0.0,0.0,0.0,0.0,0.0,3.0,0.0,74.0,2.0,1.0,3.0,0.0,3.0,13.0,11.0,0.0,0.0,0.0,0.0,0.0,4.0,0.0,6.0,5.0,6.0,3.0,1.0,0.0,10.0,0.0,3.0,0.0,45.0,9.0,0.0,8.0,4.0,7.0,0.0,0.0,0.0,0.0,2.0,11.0,0.0,9.0,6.0,1.0,0.0,0.0,8.0,0.0,1.0,6.0,0.0,0.0,0.0,1.0,0.0,0.0,5.0,15.0,0.0,2.0,2.0,0.0,3.0,0.0,0.0,0.0,0.0,0.0,1.0,5.0,0.0,0.0,0.0,0.0,0.0,0.0,0.0,0.0,0.0,5.0,8.0,2.0,0.0,0.0,0.0,0.0,0.0,6.0,0.0,0.0,0.0,7.0,4.0,3.0,0.0,0.0,1.0,0.0,0.0,0.0,0.0,0.0,2.0,0.0,1.0,0.0,1.0,0.0,9.0,0.0,0.0,3.0,0.0,3.0,0.0,0.0,3.0,0.0,562.4716981132076,0.660377358490566
6214973,97590558,Ace,98,55484,27.0,12.0,24.0,0.0,0.0,0.0,0.0,0.0,2.0,0.0,2.0,0.0,6.0,0.0,0.0,0.0,0.0,0.0,0.0,0.0,0.0,0.0,2.0,2.0,0.0,2.0,0.0,3.0,0.0,0.0,6.0,3.0,0.0,0.0,5.0,0.0,24.0,0.0,0.0,2.0,6.0,1.0,2.0,0.0,0.0,17.0,13.0,16.0,0.0,0.0,0.0,0.0,0.0,0.0,0.0,0.0,0.0,0.0,2.0,130.0,4.0,0.0,0.0,0.0,0.0,18.0,0.0,0.0,5.0,0.0,1.0,0.0,0.0,0.0,9.0,3.0,3.0,1.0,0.0,0.0,10.0,0.0,4.0,9.0,69.0,17.0,0.0,4.0,1.0,10.0,0.0,20.0,0.0,11.0,1.0,12.0,0.0,13.0,20.0,7.0,2.0,7.0,49.0,0.0,8.0,22.0,4.0,3.0,14.0,20.0,0.0,4.0,10.0,5.0,2.0,14.0,29.0,9.0,2.0,0.0,0.0,6.0,3.0,7.0,0.0,2.0,0.0,4.0,0.0,0.0,0.0,0.0,0.0,0.0,9.0,6.0,44.0,0.0,0.0,0.0,0.0,1.0,2.0,2.0,2.0,2.0,0.0,0.0,4.0,21.0,0.0,0.0,0.0,0.0,0.0,0.0,0.0,0.0,10.0,1.0,3.0,0.0,2.0,0.0,0.0,0.0,0.0,13.0,0.0,0.0,0.0,0.0,0.0,0.0,566.1632653061224,0.2755102040816326
6214973,86727555,Peterpandam,94,25961,583.0,92.0,14.0,0.0,0.0,2.0,0.0,0.0,0.0,0.0,0.0,0.0,0.0,4.0,0.0,0.0,0.0,2.0,0.0,0.0,0.0,0.0,0.0,0.0,1.0,0.0,0.0,0.0,0.0,0.0,8.0,12.0,8.0,0.0,1.0,11.0,75.0,6.0,9.0,6.0,18.0,0.0,26.0,18.0,0.0,46.0,2.0,0.0,0.0,0.0,0.0,0.0,0.0,0.0,2.0,0.0,0.0,3.0,4.0,8.0,0.0,0.0,0.0,0.0,14.0,0.0,0.0,0.0,11.0,1.0,0.0,0.0,34.0,1.0,0.0,0.0,11.0,12.0,0.0,0.0,2.0,0.0,0.0,0.0,4.0,0.0,0.0,0.0,0.0,0.0,0.0,2.0,0.0,0.0,0.0,0.0,0.0,0.0,0.0,0.0,0.0,0.0,0.0,0.0,0.0,0.0,0.0,0.0,0.0,0.0,0.0,0.0,0.0,0.0,0.0,0.0,0.0,0.0,2.0,6.0,0.0,7.0,18.0,4.0,29.0,0.0,0.0,0.0,0.0,0.0,0.0,0.0,0.0,0.0,0.0,0.0,0.0,164.0,0.0,2.0,32.0,0.0,0.0,0.0,2.0,4.0,0.0,11.0,0.0,0.0,0.0,0.0,1.0,0.0,1.0,51.0,0.0,0.0,0.0,0.0,0.0,18.0,0.0,0.0,0.0,0.0,0.0,0.0,22.0,2.0,0.0,0.0,0.0,0.0,276.1808510638298,6.202127659574468
6214973,103735745,Saksa,66,22505,224.0,30.0,46.0,0.0,0.0,0.0,0.0,0.0,1.0,0.0,6.0,0.0,1.0,0.0,0.0,0.0,0.0,0.0,0.0,0.0,0.0,0.0,4.0,0.0,0.0,2.0,0.0,0.0,0.0,0.0,12.0,4.0,2.0,0.0,0.0,18.0,92.0,9.0,6.0,2.0,13.0,4.0,3.0,6.0,0.0,20.0,1.0,22.0,0.0,0.0,0.0,0.0,1.0,0.0,4.0,0.0,0.0,5.0,1.0,6.0,5.0,0.0,1.0,0.0,1.0,0.0,4.0,1.0,3.0,1.0,0.0,2.0,35.0,0.0,6.0,0.0,14.0,10.0,0.0,0.0,18.0,0.0,0.0,0.0,9.0,0.0,0.0,9.0,0.0,0.0,0.0,0.0,0.0,0.0,0.0,0.0,0.0,0.0,0.0,0.0,0.0,0.0,0.0,0.0,0.0,1.0,0.0,0.0,0.0,0.0,0.0,0.0,5.0,0.0,0.0,0.0,0.0,0.0,2.0,2.0,1.0,0.0,13.0,6.0,2.0,6.0,0.0,0.0,0.0,0.0,0.0,0.0,0.0,0.0,0.0,4.0,4.0,43.0,0.0,0.0,2.0,0.0,1.0,0.0,1.0,7.0,2.0,6.0,0.0,0.0,1.0,0.0,2.0,0.0,0.0,9.0,0.0,0.0,0.0,0.0,3.0,13.0,5.0,0.0,2.0,0.0,0.0,2.0,1.0,8.0,0.0,0.0,0.0,0.0,340.9848484848485,3.393939393939394
6214973,86799300,Fata,97,47339,33.0,16.0,76.0,0.0,0.0,0.0,0.0,0.0,1.0,0.0,2.0,0.0,12.0,0.0,0.0,0.0,0.0,0.0,1.0,0.0,0.0,1.0,0.0,0.0,0.0,0.0,0.0,1.0,0.0,0.0,10.0,3.0,2.0,0.0,2.0,2.0,19.0,1.0,4.0,0.0,3.0,26.0,0.0,0.0,0.0,70.0,7.0,33.0,0.0,0.0,0.0,1.0,2.0,0.0,0.0,0.0,0.0,0.0,2.0,80.0,0.0,0.0,0.0,0.0,0.0,3.0,11.0,1.0,4.0,0.0,2.0,11.0,2.0,0.0,24.0,0.0,24.0,1.0,4.0,0.0,13.0,1.0,1.0,2.0,80.0,5.0,1.0,7.0,6.0,8.0,1.0,9.0,0.0,7.0,4.0,7.0,0.0,2.0,0.0,2.0,4.0,3.0,3.0,0.0,8.0,16.0,0.0,8.0,6.0,8.0,0.0,9.0,8.0,6.0,1.0,2.0,8.0,0.0,12.0,6.0,0.0,3.0,7.0,0.0,0.0,4.0,0.0,0.0,0.0,0.0,0.0,0.0,4.0,2.0,0.0,16.0,25.0,12.0,0.0,1.0,0.0,2.0,2.0,0.0,6.0,8.0,0.0,11.0,0.0,2.0,0.0,0.0,2.0,0.0,7.0,3.0,0.0,0.0,3.0,4.0,2.0,0.0,10.0,0.0,2.0,0.0,0.0,1.0,0.0,4.0,0.0,0.0,2.0,0.0,488.03092783505156,0.3402061855670103
6214973,86698277,33,76,32776,16.0,13.0,74.0,0.0,0.0,0.0,0.0,0.0,0.0,0.0,2.0,0.0,6.0,0.0,0.0,0.0,0.0,1.0,2.0,0.0,0.0,0.0,2.0,0.0,0.0,0.0,0.0,0.0,0.0,0.0,17.0,2.0,0.0,0.0,1.0,7.0,37.0,1.0,0.0,0.0,13.0,1.0,0.0,0.0,0.0,19.0,2.0,34.0,0.0,0.0,1.0,0.0,0.0,0.0,0.0,0.0,0.0,1.0,2.0,59.0,2.0,0.0,0.0,0.0,6.0,6.0,2.0,3.0,14.0,2.0,0.0,13.0,2.0,0.0,9.0,6.0,16.0,11.0,2.0,0.0,10.0,2.0,8.0,2.0,39.0,2.0,0.0,3.0,0.0,3.0,2.0,6.0,0.0,13.0,0.0,5.0,0.0,2.0,1.0,2.0,1.0,0.0,0.0,1.0,0.0,11.0,0.0,0.0,2.0,0.0,0.0,16.0,3.0,0.0,0.0,0.0,4.0,0.0,16.0,2.0,0.0,3.0,4.0,12.0,0.0,6.0,0.0,5.0,0.0,0.0,0.0,0.0,0.0,0.0,0.0,2.0,9.0,16.0,0.0,0.0,0.0,0.0,7.0,0.0,2.0,8.0,2.0,5.0,2.0,3.0,0.0,0.0,3.0,0.0,22.0,10.0,0.0,0.0,0.0,2.0,4.0,1.0,1.0,0.0,0.0,1.0,0.0,1.0,4.0,2.0,0.0,0.0,0.0,0.0,431.2631578947368,0.21052631578947367
2621843,94049589,Fng,71,20224,758.0,102.0,7.0,0.0,0.0,0.0,0.0,0.0,0.0,0.0,0.0,0.0,1.0,1.0,0.0,0.0,0.0,3.0,0.0,0.0,0.0,12.0,0.0,0.0,4.0,0.0,0.0,0.0,0.0,2.0,41.0,7.0,7.0,0.0,0.0,10.0,47.0,2.0,1.0,0.0,4.0,0.0,12.0,11.0,0.0,43.0,1.0,2.0,0.0,0.0,0.0,0.0,0.0,0.0,7.0,0.0,0.0,0.0,4.0,0.0,0.0,0.0,0.0,0.0,14.0,0.0,0.0,5.0,5.0,7.0,2.0,0.0,13.0,4.0,0.0,0.0,0.0,7.0,0.0,0.0,6.0,2.0,0.0,0.0,2.0,0.0,0.0,0.0,0.0,0.0,0.0,0.0,0.0,0.0,0.0,0.0,0.0,0.0,0.0,0.0,0.0,0.0,0.0,0.0,0.0,1.0,0.0,0.0,0.0,0.0,0.0,2.0,0.0,0.0,0.0,0.0,0.0,0.0,0.0,17.0,0.0,5.0,3.0,6.0,17.0,0.0,0.0,0.0,0.0,0.0,0.0,0.0,0.0,2.0,0.0,0.0,0.0,66.0,0.0,4.0,28.0,0.0,0.0,0.0,4.0,2.0,0.0,13.0,0.0,0.0,0.0,0.0,0.0,0.0,0.0,40.0,0.0,0.0,0.0,0.0,0.0,19.0,2.0,0.0,0.0,2.0,0.0,0.0,0.0,8.0,0.0,0.0,0.0,0.0,284.84507042253523,10.67605633802817
2621843,109512357,Biver,71,20875,98.0,47.0,62.0,0.0,0.0,0.0,0.0,0.0,0.0,0.0,2.0,0.0,0.0,0.0,0.0,0.0,0.0,1.0,0.0,0.0,0.0,0.0,1.0,0.0,0.0,0.0,0.0,0.0,0.0,0.0,44.0,10.0,1.0,1.0,0.0,82.0,40.0,4.0,2.0,1.0,31.0,2.0,2.0,1.0,0.0,21.0,6.0,2.0,0.0,0.0,0.0,0.0,0.0,1.0,1.0,0.0,0.0,2.0,1.0,6.0,0.0,0.0,0.0,0.0,8.0,0.0,5.0,5.0,1.0,0.0,0.0,0.0,25.0,0.0,6.0,0.0,16.0,12.0,1.0,6.0,3.0,0.0,1.0,0.0,2.0,0.0,0.0,6.0,0.0,0.0,0.0,0.0,0.0,1.0,0.0,0.0,0.0,0.0,0.0,0.0,0.0,0.0,0.0,0.0,0.0,4.0,0.0,0.0,0.0,0.0,0.0,1.0,1.0,1.0,0.0,0.0,0.0,0.0,12.0,6.0,6.0,4.0,3.0,4.0,13.0,6.0,0.0,0.0,0.0,0.0,0.0,0.0,0.0,0.0,0.0,0.0,0.0,68.0,1.0,1.0,1.0,0.0,0.0,0.0,3.0,0.0,0.0,6.0,0.0,0.0,0.0,0.0,0.0,0.0,0.0,2.0,0.0,0.0,0.0,0.0,0.0,6.0,5.0,0.0,1.0,0.0,0.0,0.0,1.0,10.0,1.0,0.0,0.0,0.0,294.01408450704224,1.380281690140845
2621843,100058342,skiter,52,28543,0.0,4.0,6.0,0.0,0.0,0.0,0.0,0.0,2.0,2.0,0.0,0.0,1.0,0.0,0.0,0.0,0.0,0.0,0.0,0.0,0.0,0.0,4.0,0.0,0.0,3.0,0.0,4.0,0.0,0.0,0.0,1.0,0.0,0.0,5.0,0.0,27.0,2.0,0.0,1.0,0.0,0.0,0.0,0.0,0.0,7.0,4.0,5.0,0.0,0.0,0.0,1.0,0.0,0.0,0.0,0.0,0.0,0.0,0.0,43.0,0.0,0.0,0.0,0.0,3.0,34.0,0.0,0.0,7.0,0.0,2.0,3.0,0.0,0.0,2.0,0.0,0.0,0.0,0.0,0.0,2.0,0.0,0.0,9.0,43.0,8.0,0.0,1.0,0.0,7.0,0.0,6.0,0.0,5.0,0.0,4.0,0.0,1.0,11.0,0.0,3.0,4.0,36.0,1.0,0.0,5.0,6.0,0.0,3.0,6.0,0.0,0.0,3.0,6.0,10.0,12.0,28.0,0.0,0.0,0.0,0.0,0.0,2.0,0.0,0.0,2.0,0.0,0.0,0.0,0.0,0.0,0.0,0.0,0.0,5.0,4.0,35.0,0.0,0.0,1.0,0.0,2.0,0.0,0.0,0.0,0.0,0.0,0.0,0.0,12.0,0.0,0.0,0.0,0.0,0.0,0.0,0.0,0.0,0.0,0.0,0.0,0.0,0.0,0.0,0.0,0.0,0.0,10.0,2.0,0.0,0.0,0.0,0.0,0.0,548.9038461538462,0.0
2621843,43619695,HeStEJoE-RoTTeN,56,22581,4.0,17.0,74.0,0.0,0.0,0.0,0.0,0.0,0.0,0.0,3.0,0.0,4.0,0.0,0.0,0.0,0.0,0.0,0.0,0.0,0.0,0.0,2.0,0.0,0.0,1.0,0.0,0.0,0.0,0.0,12.0,1.0,0.0,0.0,2.0,8.0,37.0,2.0,0.0,0.0,2.0,5.0,1.0,0.0,1.0,20.0,3.0,21.0,0.0,0.0,0.0,0.0,1.0,1.0,0.0,0.0,0.0,3.0,0.0,19.0,0.0,0.0,0.0,0.0,7.0,3.0,5.0,6.0,5.0,1.0,0.0,28.0,2.0,0.0,6.0,0.0,7.0,10.0,0.0,0.0,6.0,1.0,2.0,0.0,25.0,0.0,0.0,0.0,0.0,10.0,2.0,20.0,0.0,3.0,0.0,2.0,0.0,3.0,0.0,0.0,0.0,0.0,0.0,0.0,0.0,7.0,0.0,0.0,0.0,0.0,1.0,12.0,3.0,0.0,0.0,0.0,4.0,0.0,11.0,4.0,0.0,12.0,2.0,2.0,0.0,0.0,0.0,0.0,0.0,0.0,0.0,0.0,0.0,0.0,0.0,1.0,8.0,11.0,0.0,1.0,0.0,0.0,0.0,5.0,4.0,0.0,8.0,1.0,0.0,0.0,0.0,0.0,0.0,0.0,8.0,0.0,0.0,0.0,0.0,0.0,1.0,2.0,2.0,0.0,0.0,0.0,0.0,0.0,0.0,0.0,0.0,0.0,0.0,0.0,403.23214285714283,0.07142857142857142
2621843,94786276,Nine,44,25071,2.0,3.0,20.0,0.0,0.0,0.0,0.0,0.0,0.0,0.0,2.0,0.0,5.0,0.0,0.0,0.0,0.0,0.0,0.0,0.0,0.0,0.0,0.0,0.0,0.0,2.0,0.0,0.0,0.0,0.0,8.0,1.0,0.0,0.0,0.0,0.0,19.0,0.0,0.0,0.0,0.0,4.0,0.0,0.0,0.0,1.0,3.0,8.0,0.0,0.0,0.0,0.0,0.0,0.0,0.0,1.0,0.0,1.0,0.0,38.0,1.0,0.0,0.0,0.0,9.0,10.0,17.0,0.0,0.0,0.0,0.0,0.0,0.0,0.0,4.0,2.0,20.0,8.0,0.0,0.0,11.0,7.0,0.0,0.0,14.0,1.0,0.0,3.0,4.0,0.0,0.0,0.0,0.0,1.0,0.0,5.0,0.0,3.0,3.0,8.0,0.0,1.0,8.0,3.0,12.0,11.0,6.0,0.0,8.0,1.0,0.0,0.0,1.0,2.0,0.0,0.0,4.0,2.0,3.0,2.0,0.0,1.0,1.0,0.0,0.0,10.0,0.0,0.0,0.0,1.0,2.0,0.0,0.0,0.0,0.0,4.0,10.0,7.0,2.0,0.0,0.0,1.0,0.0,2.0,2.0,0.0,0.0,5.0,7.0,0.0,0.0,0.0,0.0,0.0,0.0,2.0,0.0,0.0,0.0,0.0,2.0,0.0,1.0,0.0,1.0,0.0,0.0,10.0,0.0,6.0,0.0,4.0,4.0,0.0,569.7954545454545,0.045454545454545456
2635099,177416702, ,89,51599,5.0,35.0,18.0,0.0,0.0,0.0,1.0,0.0,0.0,0.0,2.0,0.0,25.0,0.0,0.0,0.0,0.0,4.0,0.0,0.0,0.0,0.0,3.0,1.0,0.0,1.0,2.0,1.0,0.0,0.0,4.0,1.0,0.0,0.0,0.0,2.0,20.0,2.0,0.0,0.0,0.0,8.0,0.0,0.0,0.0,29.0,23.0,20.0,2.0,7.0,0.0,1.0,4.0,0.0,0.0,0.0,0.0,0.0,1.0,102.0,5.0,0.0,1.0,1.0,0.0,1.0,1.0,0.0,11.0,0.0,2.0,0.0,2.0,0.0,4.0,4.0,4.0,0.0,2.0,0.0,7.0,0.0,12.0,3.0,41.0,8.0,0.0,8.0,8.0,7.0,3.0,0.0,0.0,0.0,1.0,1.0,0.0,7.0,14.0,1.0,5.0,7.0,29.0,0.0,24.0,2.0,3.0,2.0,8.0,14.0,1.0,6.0,2.0,6.0,14.0,0.0,10.0,18.0,3.0,2.0,0.0,2.0,4.0,4.0,0.0,0.0,0.0,20.0,8.0,0.0,0.0,2.0,2.0,0.0,8.0,4.0,22.0,0.0,0.0,0.0,0.0,12.0,0.0,0.0,0.0,0.0,0.0,1.0,7.0,9.0,0.0,0.0,0.0,0.0,0.0,1.0,10.0,1.0,18.0,6.0,10.0,0.0,0.0,0.0,0.0,0.0,0.0,14.0,2.0,0.0,0.0,0.0,0.0,0.0,579.7640449438202,0.056179775280898875
67,84853828,Mr. Kingão,100,31059,568.0,73.0,65.0,0.0,0.0,0.0,0.0,0.0,0.0,0.0,0.0,0.0,2.0,0.0,0.0,0.0,0.0,3.0,0.0,0.0,2.0,1.0,3.0,0.0,2.0,0.0,0.0,0.0,1.0,0.0,19.0,29.0,1.0,0.0,4.0,22.0,113.0,12.0,3.0,2.0,36.0,9.0,6.0,6.0,1.0,67.0,2.0,4.0,0.0,0.0,0.0,0.0,0.0,0.0,2.0,0.0,0.0,0.0,1.0,2.0,2.0,0.0,0.0,0.0,1.0,0.0,2.0,2.0,2.0,0.0,0.0,8.0,38.0,0.0,2.0,0.0,15.0,25.0,0.0,0.0,4.0,0.0,0.0,0.0,2.0,0.0,0.0,1.0,0.0,0.0,0.0,9.0,0.0,2.0,0.0,0.0,0.0,1.0,0.0,0.0,1.0,0.0,0.0,0.0,0.0,1.0,0.0,0.0,0.0,0.0,0.0,0.0,3.0,0.0,0.0,0.0,0.0,2.0,3.0,31.0,2.0,13.0,4.0,2.0,25.0,0.0,0.0,0.0,0.0,0.0,0.0,0.0,0.0,2.0,0.0,0.0,0.0,100.0,0.0,2.0,8.0,0.0,6.0,0.0,2.0,1.0,7.0,10.0,0.0,0.0,0.0,0.0,0.0,0.0,3.0,4.0,0.0,0.0,0.0,0.0,0.0,16.0,3.0,0.0,0.0,0.0,0.0,0.0,1.0,39.0,0.0,0.0,0.0,0.0,310.59,5.68
67,117956848,tavo,100,42312,7.0,22.0,48.0,0.0,0.0,0.0,0.0,0.0,3.0,0.0,2.0,0.0,22.0,0.0,0.0,0.0,0.0,0.0,1.0,0.0,0.0,0.0,0.0,0.0,0.0,3.0,0.0,0.0,0.0,0.0,20.0,11.0,1.0,0.0,1.0,2.0,68.0,0.0,0.0,0.0,3.0,19.0,0.0,0.0,0.0,63.0,4.0,48.0,0.0,0.0,0.0,0.0,0.0,0.0,0.0,0.0,0.0,0.0,0.0,34.0,10.0,0.0,0.0,0.0,0.0,0.0,8.0,0.0,10.0,2.0,0.0,12.0,1.0,2.0,7.0,6.0,39.0,6.0,0.0,5.0,11.0,1.0,5.0,2.0,32.0,0.0,0.0,2.0,0.0,6.0,11.0,6.0,0.0,2.0,0.0,1.0,0.0,4.0,0.0,0.0,0.0,0.0,0.0,0.0,0.0,35.0,0.0,0.0,4.0,0.0,0.0,21.0,16.0,0.0,0.0,4.0,0.0,0.0,18.0,55.0,1.0,3.0,8.0,8.0,0.0,2.0,2.0,10.0,0.0,1.0,0.0,0.0,1.0,0.0,0.0,3.0,13.0,26.0,0.0,3.0,0.0,0.0,1.0,0.0,0.0,11.0,12.0,8.0,2.0,0.0,0.0,0.0,0.0,0.0,29.0,6.0,0.0,0.0,4.0,0.0,2.0,4.0,0.0,0.0,0.0,0.0,0.0,1.0,0.0,18.0,0.0,0.0,2.0,0.0,423.12,0.07
67,94004717,Archangel,100,63474,6.0,83.0,28.0,0.0,2.0,0.0,0.0,0.0,0.0,2.0,2.0,0.0,9.0,0.0,0.0,0.0,0.0,0.0,0.0,0.0,0.0,0.0,4.0,0.0,0.0,5.0,0.0,2.0,0.0,0.0,0.0,0.0,0.0,0.0,2.0,0.0,27.0,2.0,0.0,0.0,0.0,4.0,0.0,0.0,0.0,18.0,8.0,19.0,0.0,2.0,0.0,0.0,0.0,0.0,0.0,0.0,0.0,0.0,0.0,65.0,8.0,0.0,0.0,0.0,0.0,15.0,0.0,0.0,0.0,0.0,2.0,0.0,0.0,0.0,6.0,4.0,0.0,0.0,0.0,0.0,8.0,0.0,5.0,12.0,76.0,18.0,0.0,5.0,0.0,26.0,2.0,3.0,0.0,4.0,0.0,11.0,2.0,10.0,29.0,2.0,5.0,19.0,54.0,1.0,4.0,19.0,30.0,5.0,18.0,16.0,0.0,1.0,5.0,6.0,3.0,18.0,19.0,7.0,6.0,0.0,0.0,3.0,3.0,2.0,0.0,0.0,0.0,2.0,0.0,0.0,0.0,0.0,0.0,0.0,10.0,1.0,53.0,0.0,0.0,1.0,0.0,0.0,0.0,6.0,0.0,6.0,0.0,3.0,0.0,8.0,0.0,0.0,2.0,0.0,0.0,0.0,2.0,0.0,7.0,0.0,9.0,0.0,1.0,0.0,2.0,0.0,0.0,11.0,0.0,0.0,0.0,0.0,0.0,0.0,634.74,0.06
67,86700461,w33,102,54151,49.0,20.0,95.0,0.0,0.0,0.0,0.0,0.0,2.0,1.0,4.0,0.0,12.0,0.0,0.0,0.0,0.0,0.0,0.0,0.0,0.0,0.0,4.0,0.0,0.0,2.0,0.0,0.0,0.0,3.0,15.0,1.0,1.0,0.0,11.0,0.0,56.0,9.0,0.0,0.0,3.0,17.0,0.0,0.0,0.0,24.0,9.0,24.0,0.0,0.0,0.0,0.0,0.0,0.0,1.0,0.0,0.0,2.0,0.0,52.0,0.0,2.0,2.0,0.0,5.0,8.0,21.0,0.0,1.0,0.0,6.0,14.0,0.0,0.0,6.0,4.0,56.0,2.0,0.0,0.0,38.0,2.0,5.0,0.0,50.0,4.0,0.0,15.0,2.0,17.0,0.0,6.0,2.0,0.0,0.0,3.0,0.0,9.0,2.0,9.0,2.0,2.0,14.0,5.0,2.0,18.0,0.0,0.0,4.0,0.0,2.0,10.0,13.0,13.0,3.0,5.0,4.0,4.0,10.0,0.0,0.0,2.0,6.0,0.0,0.0,4.0,0.0,0.0,0.0,0.0,0.0,0.0,0.0,2.0,4.0,3.0,28.0,1.0,2.0,1.0,0.0,3.0,0.0,3.0,2.0,24.0,0.0,14.0,4.0,2.0,0.0,0.0,0.0,0.0,0.0,2.0,0.0,0.0,8.0,0.0,8.0,0.0,6.0,0.0,5.0,0.0,0.0,3.0,8.0,0.0,0.0,0.0,1.0,2.0,530.8921568627451,0.4803921568627451
67,87382579,misery,47,13220,398.0,63.0,14.0,0.0,0.0,2.0,0.0,0.0,0.0,0.0,0.0,0.0,0.0,0.0,0.0,0.0,0.0,0.0,0.0,0.0,0.0,0.0,1.0,0.0,2.0,0.0,0.0,0.0,1.0,2.0,10.0,3.0,4.0,0.0,0.0,24.0,41.0,8.0,0.0,0.0,2.0,0.0,9.0,14.0,0.0,47.0,0.0,2.0,0.0,0.0,0.0,0.0,0.0,0.0,2.0,0.0,0.0,0.0,0.0,0.0,2.0,0.0,0.0,0.0,1.0,0.0,0.0,2.0,8.0,0.0,2.0,7.0,5.0,1.0,0.0,0.0,10.0,6.0,0.0,0.0,2.0,0.0,0.0,0.0,0.0,0.0,0.0,0.0,0.0,0.0,0.0,2.0,0.0,0.0,0.0,0.0,0.0,0.0,0.0,0.0,0.0,0.0,0.0,0.0,0.0,2.0,0.0,0.0,0.0,0.0,0.0,2.0,0.0,0.0,0.0,0.0,0.0,0.0,0.0,7.0,0.0,12.0,9.0,11.0,8.0,0.0,0.0,0.0,0.0,0.0,0.0,0.0,0.0,0.0,0.0,0.0,0.0,30.0,0.0,1.0,3.0,0.0,2.0,0.0,2.0,4.0,0.0,3.0,0.0,0.0,0.0,0.0,0.0,0.0,2.0,12.0,0.0,0.0,0.0,0.0,0.0,13.0,0.0,0.0,0.0,0.0,1.0,0.0,0.0,0.0,0.0,0.0,0.0,0.0,281.27659574468083,8.46808510638298
543897,89871557,Mushi-,76,36696,141.0,35.0,40.0,0.0,0.0,0.0,0.0,0.0,0.0,1.0,2.0,0.0,8.0,0.0,0.0,0.0,0.0,0.0,0.0,0.0,0.0,0.0,2.0,0.0,2.0,4.0,0.0,4.0,2.0,0.0,3.0,2.0,0.0,0.0,0.0,7.0,40.0,9.0,1.0,0.0,2.0,0.0,1.0,6.0,0.0,18.0,3.0,52.0,2.0,0.0,0.0,0.0,0.0,0.0,2.0,0.0,0.0,1.0,0.0,39.0,3.0,0.0,0.0,0.0,1.0,0.0,2.0,1.0,0.0,1.0,0.0,0.0,0.0,0.0,4.0,2.0,2.0,9.0,0.0,0.0,6.0,0.0,8.0,4.0,66.0,4.0,0.0,3.0,0.0,0.0,0.0,6.0,0.0,1.0,1.0,6.0,0.0,5.0,22.0,2.0,3.0,2.0,26.0,0.0,14.0,8.0,4.0,8.0,0.0,6.0,0.0,2.0,5.0,3.0,0.0,8.0,6.0,2.0,0.0,0.0,0.0,5.0,14.0,0.0,10.0,0.0,0.0,2.0,0.0,0.0,0.0,0.0,0.0,0.0,8.0,0.0,17.0,26.0,0.0,0.0,9.0,0.0,0.0,3.0,2.0,0.0,0.0,5.0,1.0,0.0,0.0,0.0,1.0,0.0,0.0,10.0,1.0,0.0,4.0,2.0,3.0,0.0,0.0,0.0,0.0,0.0,0.0,9.0,4.0,4.0,0.0,0.0,0.0,0.0,482.8421052631579,1.855263157894737
543897,113457795,Moonn,102,57185,22.0,18.0,112.0,0.0,0.0,0.0,0.0,0.0,0.0,0.0,3.0,0.0,11.0,0.0,0.0,0.0,0.0,0.0,0.0,0.0,0.0,0.0,3.0,0.0,0.0,0.0,0.0,1.0,0.0,0.0,5.0,3.0,0.0,0.0,7.0,0.0,13.0,0.0,0.0,0.0,8.0,16.0,0.0,0.0,0.0,13.0,18.0,28.0,0.0,0.0,0.0,0.0,1.0,0.0,0.0,0.0,0.0,1.0,0.0,53.0,1.0,2.0,4.0,0.0,3.0,10.0,14.0,0.0,0.0,0.0,0.0,0.0,0.0,0.0,21.0,15.0,53.0,12.0,3.0,0.0,10.0,3.0,13.0,5.0,99.0,2.0,0.0,8.0,9.0,10.0,0.0,7.0,0.0,4.0,3.0,9.0,0.0,7.0,4.0,8.0,5.0,3.0,11.0,1.0,10.0,40.0,3.0,1.0,6.0,1.0,0.0,0.0,9.0,12.0,1.0,2.0,4.0,0.0,24.0,0.0,0.0,3.0,8.0,0.0,0.0,8.0,0.0,0.0,0.0,2.0,2.0,1.0,5.0,2.0,1.0,5.0,15.0,0.0,0.0,0.0,0.0,4.0,0.0,0.0,1.0,5.0,0.0,9.0,7.0,1.0,0.0,0.0,1.0,0.0,0.0,0.0,0.0,0.0,8.0,5.0,5.0,4.0,1.0,0.0,8.0,0.0,0.0,18.0,0.0,3.0,0.0,0.0,0.0,0.0,560.6372549019608,0.21568627450980393
543897,87012746,kpii,118,49247,14.0,24.0,84.0,0.0,0.0,3.0,0.0,0.0,1.0,0.0,9.0,0.0,25.0,0.0,0.0,0.0,0.0,0.0,0.0,0.0,0.0,0.0,5.0,0.0,1.0,2.0,0.0,0.0,0.0,0.0,35.0,15.0,4.0,0.0,3.0,26.0,48.0,3.0,0.0,0.0,13.0,11.0,0.0,1.0,0.0,53.0,18.0,45.0,0.0,0.0,0.0,0.0,0.0,0.0,0.0,0.0,0.0,6.0,0.0,44.0,7.0,0.0,2.0,0.0,29.0,0.0,5.0,0.0,7.0,3.0,4.0,19.0,0.0,0.0,7.0,0.0,15.0,22.0,1.0,2.0,25.0,18.0,3.0,0.0,48.0,0.0,0.0,14.0,0.0,15.0,16.0,14.0,0.0,10.0,0.0,4.0,0.0,18.0,0.0,0.0,4.0,0.0,4.0,2.0,0.0,22.0,0.0,0.0,2.0,0.0,0.0,17.0,12.0,0.0,0.0,0.0,1.0,0.0,25.0,9.0,0.0,11.0,14.0,2.0,2.0,4.0,0.0,5.0,0.0,1.0,0.0,0.0,0.0,0.0,6.0,6.0,11.0,24.0,0.0,0.0,0.0,0.0,2.0,0.0,12.0,2.0,6.0,6.0,1.0,3.0,0.0,4.0,0.0,1.0,28.0,2.0,0.0,0.0,0.0,0.0,2.0,2.0,12.0,0.0,0.0,0.0,0.0,6.0,0.0,2.0,0.0,0.0,0.0,0.0,417.3474576271187,0.11864406779661017
543897,112377459,Febby♥金佳暎,51,15047,111.0,38.0,28.0,0.0,0.0,0.0,0.0,0.0,0.0,0.0,2.0,0.0,0.0,0.0,0.0,0.0,0.0,1.0,0.0,0.0,0.0,1.0,4.0,0.0,6.0,0.0,0.0,0.0,0.0,0.0,6.0,6.0,0.0,0.0,1.0,19.0,42.0,7.0,2.0,0.0,17.0,7.0,5.0,9.0,0.0,10.0,2.0,1.0,0.0,0.0,1.0,0.0,0.0,0.0,1.0,0.0,0.0,2.0,1.0,1.0,2.0,0.0,0.0,0.0,5.0,3.0,11.0,5.0,2.0,1.0,0.0,1.0,20.0,1.0,6.0,0.0,12.0,8.0,0.0,0.0,2.0,3.0,0.0,0.0,15.0,0.0,0.0,6.0,0.0,0.0,0.0,0.0,0.0,0.0,0.0,0.0,0.0,0.0,0.0,2.0,2.0,2.0,0.0,0.0,0.0,0.0,0.0,0.0,0.0,0.0,0.0,0.0,0.0,0.0,0.0,0.0,0.0,0.0,6.0,5.0,0.0,4.0,0.0,0.0,10.0,0.0,0.0,0.0,0.0,0.0,0.0,0.0,0.0,4.0,0.0,0.0,0.0,42.0,0.0,0.0,0.0,0.0,0.0,0.0,2.0,0.0,2.0,8.0,0.0,0.0,0.0,0.0,0.0,0.0,0.0,7.0,0.0,0.0,0.0,0.0,0.0,19.0,2.0,0.0,0.0,0.0,0.0,0.0,1.0,18.0,0.0,0.0,0.0,0.0,295.03921568627453,2.176470588235294
543897,6922000,pieliedie,77,21250,566.0,88.0,8.0,0.0,0.0,1.0,0.0,0.0,0.0,0.0,0.0,0.0,0.0,2.0,0.0,0.0,0.0,6.0,2.0,0.0,0.0,0.0,0.0,0.0,2.0,0.0,0.0,0.0,1.0,0.0,48.0,15.0,3.0,0.0,0.0,31.0,45.0,1.0,7.0,0.0,5.0,0.0,15.0,16.0,3.0,40.0,0.0,6.0,0.0,0.0,0.0,0.0,0.0,0.0,2.0,0.0,0.0,1.0,0.0,4.0,2.0,0.0,0.0,0.0,5.0,0.0,0.0,0.0,4.0,10.0,0.0,0.0,4.0,0.0,0.0,0.0,2.0,11.0,0.0,0.0,4.0,0.0,0.0,0.0,4.0,0.0,0.0,0.0,0.0,0.0,0.0,0.0,0.0,0.0,0.0,0.0,0.0,0.0,0.0,0.0,0.0,0.0,0.0,0.0,0.0,0.0,0.0,0.0,0.0,0.0,0.0,0.0,0.0,0.0,0.0,0.0,0.0,0.0,0.0,17.0,2.0,15.0,1.0,6.0,32.0,0.0,0.0,0.0,0.0,0.0,0.0,0.0,0.0,0.0,0.0,0.0,2.0,70.0,3.0,0.0,29.0,0.0,0.0,0.0,3.0,7.0,0.0,24.0,0.0,0.0,0.0,0.0,0.0,0.0,0.0,43.0,0.0,0.0,0.0,0.0,0.0,22.0,5.0,0.0,0.0,0.0,3.0,0.0,10.0,1.0,0.0,0.0,0.0,0.0,275.97402597402595,7.35064935064935
